login,full_name,created_at,stargazers_count,watchers_count,language,has_projects,has_wiki,license_name
tiangolo,tiangolo/a2wsgi,2024-01-07T20:24:07Z,10,10,,True,True,Apache License 2.0
tiangolo,tiangolo/alembic,2020-05-22T09:50:31Z,5,5,,True,True,MIT License
tiangolo,tiangolo/anaconda_cluster_install,2015-03-11T14:58:44Z,5,5,Shell,True,True,None
tiangolo,tiangolo/angular-docker-multi-stage-example,2017-10-02T18:43:28Z,15,15,,True,True,None
tiangolo,tiangolo/annotated-types,2023-08-27T14:32:00Z,8,8,,True,False,MIT License
tiangolo,tiangolo/ansible-babun-bootstrap,2015-07-14T11:17:13Z,61,61,Shell,True,True,None
tiangolo,tiangolo/anyio,2021-10-27T09:36:07Z,4,4,,True,True,MIT License
tiangolo,tiangolo/asgiref,2023-03-06T11:29:47Z,0,0,,True,False,"BSD 3-Clause ""New"" or ""Revised"" License"
tiangolo,tiangolo/babun-docker,2015-09-24T18:21:01Z,170,170,Shell,True,True,MIT License
tiangolo,tiangolo/bitbucket_issues_to_redmine_csv,2015-02-03T21:15:17Z,3,3,Python,True,True,None
tiangolo,tiangolo/blog-posts,2018-06-24T13:32:36Z,273,273,Python,True,True,None
tiangolo,tiangolo/bump-pydantic,2024-04-18T05:49:21Z,9,9,,True,False,MIT License
tiangolo,tiangolo/click,2020-03-15T06:20:49Z,3,3,,True,False,"BSD 3-Clause ""New"" or ""Revised"" License"
tiangolo,tiangolo/compose-to-rancher,2016-08-23T19:12:20Z,10,10,Python,True,True,MIT License
tiangolo,tiangolo/docker-auto-labels,2018-05-01T15:13:31Z,15,15,Python,True,True,MIT License
tiangolo,tiangolo/docker-registry-proxy,2019-08-03T21:45:30Z,41,41,Shell,True,True,Apache License 2.0
tiangolo,tiangolo/docker-with-compose,2018-01-31T12:45:39Z,157,157,Shell,True,True,MIT License
tiangolo,tiangolo/dockerswarm.rocks,2019-01-17T13:17:52Z,1094,1094,Python,True,True,None
tiangolo,tiangolo/flask-frontend-docker,2018-12-29T16:04:06Z,130,130,Vue,True,True,MIT License
tiangolo,tiangolo/full-stack,2018-02-28T13:34:09Z,523,523,Python,True,True,MIT License
tiangolo,tiangolo/full-stack-fastapi-couchbase,2018-12-11T07:53:25Z,441,441,Python,True,True,MIT License
tiangolo,tiangolo/full-stack-flask-couchbase,2018-10-22T13:31:32Z,59,59,Python,True,True,MIT License
tiangolo,tiangolo/full-stack-flask-couchdb,2018-09-28T11:02:01Z,31,31,Python,True,True,MIT License
tiangolo,tiangolo/fullstackpython.com,2018-12-22T15:33:43Z,4,4,HTML,True,True,MIT License
tiangolo,tiangolo/github-actions-sandbox,2020-10-04T07:39:08Z,16,16,Python,True,True,Do What The F*ck You Want To Public License
tiangolo,tiangolo/griffe-typingdoc,2023-09-10T20:40:26Z,2,2,,True,True,ISC License
tiangolo,tiangolo/haystack,2022-01-19T00:20:50Z,15,15,Python,True,True,Apache License 2.0
tiangolo,tiangolo/issue-manager,2019-10-20T16:46:29Z,62,62,Python,True,True,MIT License
tiangolo,tiangolo/label-approved,2020-10-11T05:36:41Z,34,34,Python,True,True,MIT License
tiangolo,tiangolo/latest-changes,2020-10-03T07:23:10Z,174,174,Python,True,True,MIT License
tiangolo,tiangolo/LibCST,2024-04-17T13:42:48Z,4,4,,True,False,Other
tiangolo,tiangolo/markdown,2024-09-29T17:21:16Z,0,0,,True,True,"BSD 3-Clause ""New"" or ""Revised"" License"
tiangolo,tiangolo/markdown-include-variants,2024-10-07T17:53:10Z,9,9,Python,False,False,MIT License
tiangolo,tiangolo/meinheld-gunicorn-docker,2019-01-12T12:04:38Z,165,165,Python,True,True,MIT License
tiangolo,tiangolo/meinheld-gunicorn-flask-docker,2019-01-12T13:41:39Z,485,485,Python,True,True,MIT License
tiangolo,tiangolo/memray,2024-02-17T20:37:33Z,10,10,,True,False,Apache License 2.0
tiangolo,tiangolo/nginx-rtmp-docker,2016-08-30T22:30:06Z,1118,1118,Dockerfile,True,True,MIT License
tiangolo,tiangolo/ngx-http-client,2017-11-23T08:33:40Z,11,11,TypeScript,True,True,MIT License
tiangolo,tiangolo/node-frontend,2018-06-29T10:40:02Z,137,137,Dockerfile,True,True,MIT License
tiangolo,tiangolo/odmantic,2022-06-08T13:13:28Z,16,16,Python,True,False,ISC License
tiangolo,tiangolo/peps,2023-08-28T16:30:08Z,4,4,,True,False,None
tiangolo,tiangolo/poetry-version-plugin,2021-05-27T10:06:52Z,361,361,Python,True,True,MIT License
tiangolo,tiangolo/prometheus-fastapi-instrumentator,2022-05-16T17:36:34Z,13,13,,True,False,MIT License
tiangolo,tiangolo/pydantic,2018-10-21T04:21:54Z,39,39,Python,True,False,MIT License
tiangolo,tiangolo/pydantic-sqlalchemy,2020-05-02T16:44:22Z,1175,1175,Python,True,True,MIT License
tiangolo,tiangolo/PyGithub,2024-10-27T08:52:25Z,6,6,,True,False,GNU Lesser General Public License v3.0
tiangolo,tiangolo/pymdown-extensions,2024-09-12T19:04:46Z,10,10,,True,True,Other
tiangolo,tiangolo/python-devtools,2023-11-26T11:12:27Z,26,26,,True,True,MIT License
tiangolo,tiangolo/python-machine-learning-docker,2019-03-05T12:28:37Z,84,84,Dockerfile,True,True,MIT License
tiangolo,tiangolo/python-multipart,2024-01-28T18:29:09Z,11,11,,True,True,Other
tiangolo,tiangolo/ray,2022-04-30T11:20:33Z,13,13,,True,True,Apache License 2.0
tiangolo,tiangolo/rich,2022-07-04T09:27:20Z,5,5,,True,True,MIT License
tiangolo,tiangolo/rye,2023-10-05T20:17:36Z,10,10,,True,True,MIT License
tiangolo,tiangolo/sentry-python,2023-02-28T18:36:54Z,1,1,,True,False,MIT License
tiangolo,tiangolo/sqlalchemy,2020-05-22T10:00:25Z,6,6,,True,True,MIT License
tiangolo,tiangolo/sqlalchemy-stubs,2020-04-21T18:50:42Z,3,3,,True,True,Apache License 2.0
tiangolo,tiangolo/starlette,2018-12-07T05:28:30Z,14,14,Python,True,True,"BSD 3-Clause ""New"" or ""Revised"" License"
tiangolo,tiangolo/termynal,2019-12-26T20:09:47Z,6,6,,True,False,MIT License
tiangolo,tiangolo/tiangolo,2021-05-17T10:01:24Z,16,16,,True,True,None
tiangolo,tiangolo/tiangolo.com,2019-03-22T09:07:17Z,16,16,Python,True,True,None
tiangolo,tiangolo/trio,2021-06-14T07:30:13Z,4,4,,True,True,Other
tiangolo,tiangolo/typer-cli,2020-03-08T17:55:04Z,367,367,Python,True,True,MIT License
tiangolo,tiangolo/typing_extensions,2023-08-28T19:57:41Z,3,3,,True,True,Other
tiangolo,tiangolo/uv,2024-09-29T19:16:08Z,16,16,,True,False,Apache License 2.0
tiangolo,tiangolo/uvicorn,2018-12-22T14:48:56Z,12,12,Python,True,True,"BSD 3-Clause ""New"" or ""Revised"" License"
tiangolo,tiangolo/uvicorn-gunicorn-docker,2019-01-04T11:44:13Z,629,629,Python,True,True,MIT License
tiangolo,tiangolo/uvicorn-gunicorn-fastapi-docker,2019-01-04T17:33:29Z,2701,2701,Python,True,True,MIT License
tiangolo,tiangolo/uvicorn-gunicorn-machine-learning-docker,2019-03-08T19:48:37Z,67,67,Python,True,True,MIT License
tiangolo,tiangolo/uvicorn-gunicorn-starlette-docker,2019-01-04T17:32:30Z,183,183,Python,True,True,MIT License
tiangolo,tiangolo/uwsgi-nginx-docker,2016-02-14T14:33:08Z,648,648,Python,True,True,Apache License 2.0
tiangolo,tiangolo/uwsgi-nginx-flask-docker,2016-02-14T16:32:58Z,2986,2986,Python,True,True,Apache License 2.0
tiangolo,tiangolo/wrangler-action,2024-10-24T12:22:03Z,3,3,,True,True,Apache License 2.0
tiangolo,tiangolo/wunderlist2csv,2014-12-17T23:28:09Z,6,6,Python,True,True,None
schacon,schacon/3D-Me,2014-04-10T21:40:18Z,1,1,,True,True,None
schacon,schacon/aeon,2009-09-30T18:44:58Z,4,4,Python,True,True,None
schacon,schacon/agitmemnon,2009-07-30T21:28:26Z,9,9,JavaScript,True,True,MIT License
schacon,schacon/agitmemnon-server,2009-08-07T20:10:58Z,15,15,Python,True,True,GNU General Public License v2.0
schacon,schacon/amp,2009-11-24T08:04:38Z,4,4,Ruby,True,True,Other
schacon,schacon/aoc,2023-12-04T08:36:32Z,3,3,Ruby,True,True,None
schacon,schacon/arel,2009-12-30T23:54:51Z,5,5,Ruby,True,True,None
schacon,schacon/article,2011-02-22T19:53:35Z,4,4,C,True,True,Other
schacon,schacon/asciidoc_samples,2014-09-24T08:57:50Z,1,1,,True,True,None
schacon,schacon/asgit,2008-05-28T05:12:33Z,41,41,ActionScript,True,True,None
schacon,schacon/atlas-api,2014-10-17T15:58:38Z,1,1,,True,True,MIT License
schacon,schacon/benchwarmer,2009-03-15T23:59:48Z,4,4,Ruby,True,True,MIT License
schacon,schacon/binary-code,2014-03-31T01:35:46Z,2,2,Python,True,True,None
schacon,schacon/blah,2011-09-29T17:08:28Z,2,2,Ruby,True,True,None
schacon,schacon/blink,2014-06-12T21:04:52Z,96,96,Arduino,True,True,None
schacon,schacon/bundler,2009-12-08T20:00:43Z,6,6,Ruby,True,True,MIT License
schacon,schacon/bup,2011-05-04T16:41:55Z,2,2,Python,True,False,Other
schacon,schacon/calcdown,2014-12-07T17:35:10Z,11,11,CoffeeScript,True,True,MIT License
schacon,schacon/campyre,2010-11-03T17:44:18Z,3,3,Java,True,True,"BSD 3-Clause ""New"" or ""Revised"" License"
schacon,schacon/chatterblog1,2017-09-09T01:05:33Z,2,2,CSS,True,True,MIT License
schacon,schacon/choosealicense.com,2013-10-23T18:50:07Z,3,3,CSS,True,False,MIT License
schacon,schacon/chronic,2009-02-28T18:02:30Z,5,5,Ruby,True,True,None
schacon,schacon/clippy,2011-09-13T19:54:39Z,5,5,HaXe,True,True,MIT License
schacon,schacon/cocoagit,2009-01-03T23:05:29Z,15,15,C,True,True,MIT License
schacon,schacon/collabgit,2011-02-08T23:26:11Z,7,7,JavaScript,True,True,None
schacon,schacon/cowsay,2010-03-10T22:15:20Z,241,241,Shell,True,True,Other
schacon,schacon/cucumber,2009-09-28T02:47:46Z,5,5,Ruby,True,True,MIT License
schacon,schacon/dad_joke,2024-02-08T11:43:27Z,2,2,,True,True,None
schacon,schacon/ddd,2011-01-14T15:58:31Z,21,21,JavaScript,True,True,None
schacon,schacon/directus,2021-09-20T14:59:50Z,2,2,,True,True,GNU General Public License v3.0
schacon,schacon/diveclog,2011-09-06T19:27:37Z,2,2,C,True,True,None
schacon,schacon/django-schedule,2010-03-23T18:45:52Z,7,7,Python,True,True,None
schacon,schacon/docs,2024-05-06T12:51:51Z,1,1,,True,True,None
schacon,schacon/docurium,2012-06-19T16:15:04Z,18,18,C,True,True,MIT License
schacon,schacon/door-sentry,2013-12-27T21:42:59Z,1,1,Arduino,True,True,None
schacon,schacon/dotgit,2008-12-15T17:59:36Z,7,7,C#,True,True,None
schacon,schacon/dotjs,2011-07-01T20:54:44Z,4,4,Ruby,True,False,None
schacon,schacon/drinky,2024-09-11T12:30:18Z,1,1,JavaScript,True,False,None
schacon,schacon/eeepub,2011-07-23T03:26:50Z,3,3,Ruby,True,True,MIT License
schacon,schacon/erlangit,2009-11-17T17:05:36Z,74,74,Erlang,True,True,MIT License
schacon,schacon/erldocs.com,2009-12-03T16:30:41Z,2,2,Erlang,True,True,None
schacon,schacon/example,2011-03-22T21:16:00Z,12,12,,True,True,None
schacon,schacon/example-stats,2011-02-18T20:09:57Z,3,3,Ruby,True,True,None
schacon,schacon/fade,2014-10-02T08:04:23Z,2,2,,True,True,None
schacon,schacon/fair.io,2024-08-06T14:07:39Z,2,2,,True,False,None
schacon,schacon/fireeaglet,2008-05-05T02:32:44Z,6,6,,True,True,None
schacon,schacon/flip_card,2022-10-10T08:41:46Z,2,2,,True,True,"BSD 3-Clause ""New"" or ""Revised"" License"
schacon,schacon/FMS-registerClass,2014-09-29T09:15:50Z,1,1,AGS Script,True,True,None
schacon,schacon/fowa-talk,2011-10-05T10:27:38Z,4,4,,True,True,None
schacon,schacon/fuselage,2011-07-21T15:10:46Z,3,3,Ruby,True,True,None
schacon,schacon/fuzec2,2008-06-05T23:30:59Z,28,28,Ruby,True,True,None
schacon,schacon/geef,2010-05-25T00:10:11Z,54,54,C,True,True,None
schacon,schacon/generalhawk,2010-12-08T19:22:40Z,8,8,Ruby,True,True,None
schacon,schacon/ghapp.sinatra.min,2011-06-21T17:32:04Z,29,29,Ruby,True,True,MIT License
schacon,schacon/git,2010-06-15T19:12:47Z,11,11,C,True,True,Other
schacon,schacon/git-crash-showoff,2010-12-29T22:05:46Z,4,4,,True,True,None
schacon,schacon/git-db,2009-09-14T22:53:07Z,3,3,Ruby,True,True,MIT License
schacon,schacon/git-glance,2024-06-30T12:59:47Z,6,6,Rust,False,False,MIT License
schacon,schacon/git-lighthouse,2008-05-27T19:37:44Z,48,48,Ruby,True,True,MIT License
schacon,schacon/git-media,2009-06-11T03:49:03Z,392,392,Ruby,True,True,None
schacon,schacon/git-merge,2024-09-18T13:23:26Z,0,0,,True,True,None
schacon,schacon/git-merge-website,2024-08-14T09:11:47Z,0,0,Svelte,True,True,None
schacon,schacon/git-phone,2009-03-07T00:26:07Z,8,8,Objective-C,True,True,None
schacon,schacon/git-plumbing-preso,2010-03-27T18:53:33Z,16,16,JavaScript,True,True,None
schacon,schacon/git-presentations,2009-04-17T16:23:39Z,137,137,,True,True,None
schacon,schacon/git-pulls,2010-12-27T20:39:24Z,293,293,Ruby,True,True,MIT License
schacon,schacon/git-ruby,2008-03-09T01:56:17Z,45,45,Ruby,True,True,MIT License
schacon,schacon/git-scm,2012-03-29T23:22:41Z,12,12,JavaScript,True,True,None
schacon,schacon/git-scm.com,2023-04-05T14:17:57Z,3,3,,True,False,MIT License
schacon,schacon/git-scribe,2011-01-19T00:20:52Z,1353,1353,XSLT,True,True,MIT License
schacon,schacon/git-scribe-template,2011-02-22T22:31:50Z,12,12,C,True,True,Other
schacon,schacon/git-server,2008-08-17T21:26:07Z,39,39,Ruby,True,True,None
schacon,schacon/git-sphinx,2008-10-11T02:39:25Z,22,22,Ruby,True,True,None
schacon,schacon/git-subtree,2009-05-24T18:40:58Z,2,2,Shell,True,False,None
schacon,schacon/git-wiki,2008-01-29T20:39:42Z,15,15,JavaScript,True,True,Other
schacon,schacon/Git.framework,2010-04-10T14:50:11Z,13,13,Objective-C,True,True,None
schacon,schacon/git2-rs,2023-11-30T11:08:51Z,2,2,Rust,True,False,Apache License 2.0
schacon,schacon/gitbook,2008-11-27T15:43:26Z,470,470,Ruby,True,True,Other
schacon,schacon/gitbrowser,2008-09-07T00:52:11Z,7,7,Ruby,True,True,None
schacon,schacon/gitbutler,2024-05-06T12:50:43Z,2,2,,True,False,Other
schacon,schacon/gitcrazy,2009-11-27T12:32:41Z,10,10,,True,True,None
schacon,schacon/githooks,2009-04-19T02:27:07Z,27,27,,True,True,None
schacon,schacon/github-contest,2009-07-29T05:38:57Z,18,18,JavaScript,True,True,None
schacon,schacon/github-gem,2008-11-06T18:49:45Z,8,8,Ruby,True,True,MIT License
schacon,schacon/github-services,2008-10-09T22:13:44Z,4,4,Ruby,True,True,MIT License
schacon,schacon/githubflow,2013-12-13T17:36:48Z,1,1,,True,True,None
schacon,schacon/gitrack,2008-06-21T23:32:28Z,6,6,Ruby,True,True,None
schacon,schacon/gitready,2009-01-14T05:43:01Z,5,5,,True,True,None
schacon,schacon/gitscm,2012-03-05T16:15:58Z,22,22,Ruby,True,True,Other
schacon,schacon/gitx,2008-11-08T18:40:03Z,5,5,Objective-C,True,True,Other
schacon,schacon/git_osx_installer,2012-04-19T15:11:58Z,3,3,Shell,True,True,None
schacon,schacon/god,2010-07-05T18:25:07Z,7,7,Ruby,True,True,None
schacon,schacon/gollum,2011-07-19T19:29:20Z,8,8,JavaScript,True,True,MIT License
schacon,schacon/grack,2009-11-02T06:09:57Z,385,385,Ruby,True,True,None
schacon,schacon/grit,2008-04-18T23:14:24Z,163,163,Ruby,True,True,MIT License
schacon,schacon/groundcontrol,2008-06-27T01:03:25Z,7,7,JavaScript,True,True,None
schacon,schacon/gs-manual,2011-02-23T02:31:04Z,13,13,,True,True,Other
schacon,schacon/hal,2012-07-20T03:38:25Z,2,2,CoffeeScript,True,True,None
schacon,schacon/hammer.js,2012-03-30T16:41:23Z,10,10,JavaScript,True,True,MIT License
schacon,schacon/heroku-buildpack-taglib,2022-02-09T07:33:59Z,2,2,Shell,True,True,None
schacon,schacon/hg-git,2009-04-28T23:38:39Z,621,621,Python,True,True,GNU General Public License v2.0
schacon,schacon/hg-git-tester,2009-05-07T19:38:49Z,5,5,Ruby,True,True,None
schacon,schacon/hub,2009-12-10T23:12:31Z,5,5,Ruby,True,False,MIT License
schacon,schacon/hungarian-desks,2020-08-07T20:31:58Z,8,8,Ruby,True,True,None
schacon,schacon/hw,2010-06-05T16:48:09Z,3,3,Ruby,True,True,None
schacon,schacon/igithub,2008-09-21T23:50:07Z,106,106,Objective-C,True,True,MIT License
schacon,schacon/iOS-SceneControl,2014-05-21T18:58:39Z,1,1,Objective-C,True,True,Apache License 2.0
schacon,schacon/issues,2014-03-19T16:49:10Z,1,1,,True,True,None
schacon,schacon/jekyll,2008-12-13T17:51:22Z,6,6,Ruby,True,True,None
schacon,schacon/jujutsu-tutorial,2024-03-08T09:08:21Z,2,2,,True,False,None
schacon,schacon/kidgloves,2010-04-10T21:06:07Z,14,14,Ruby,True,True,None
schacon,schacon/kinectaby,2010-12-18T22:42:38Z,45,45,C,True,True,MIT License
schacon,schacon/kss,2011-12-06T01:21:33Z,8,8,Ruby,True,False,MIT License
schacon,schacon/libgit,2008-08-20T14:53:08Z,42,42,Ruby,True,True,MIT License
schacon,schacon/libgit2,2023-11-30T11:09:03Z,2,2,C,True,False,Other
schacon,schacon/libgit2-examples,2011-03-27T09:22:23Z,18,18,C,True,False,None
schacon,schacon/libVISCA2,2012-01-18T02:01:49Z,3,3,C,True,True,GNU Lesser General Public License v2.1
schacon,schacon/linux,2013-06-05T15:38:57Z,6,6,C,True,False,Other
schacon,schacon/man,2011-01-05T03:04:07Z,2,2,,True,True,None
schacon,schacon/markup,2011-03-23T18:06:00Z,2,2,Python,True,False,MIT License
schacon,schacon/merb,2008-12-23T17:30:07Z,3,3,Ruby,True,True,Other
schacon,schacon/merb-book,2009-02-06T16:41:51Z,3,3,Ruby,True,True,None
schacon,schacon/middleman,2013-11-15T18:30:26Z,1,1,JavaScript,True,True,None
schacon,schacon/munger,2008-04-16T21:40:27Z,83,83,Ruby,True,True,None
schacon,schacon/mydotjs,2011-07-01T18:42:42Z,6,6,JavaScript,True,True,None
schacon,schacon/myproject,2010-07-05T18:13:55Z,7,7,Ruby,True,True,None
schacon,schacon/mytest,2010-12-06T18:52:52Z,3,3,Ruby,True,True,None
schacon,schacon/naudio-with-unity3d,2015-03-26T13:30:10Z,1,1,,True,False,None
schacon,schacon/newrepo,2011-10-20T15:43:55Z,2,2,,True,True,None
schacon,schacon/nuun-framework,2013-01-16T20:47:23Z,1,1,Java,True,True,None
schacon,schacon/objective-git,2008-09-22T20:26:49Z,88,88,Objective-C,True,True,Other
schacon,schacon/octobeer,2011-04-26T18:55:12Z,2,2,,True,True,None
schacon,schacon/octokit.rb,2013-10-23T18:01:34Z,2,2,Ruby,True,False,MIT License
schacon,schacon/opengl,2013-08-22T13:01:37Z,3,3,C,True,True,MIT License
schacon,schacon/org.eclipse.mylyn.github,2010-09-20T16:53:47Z,3,3,Java,True,True,None
schacon,schacon/osspledge.com,2024-09-02T14:36:52Z,1,1,,True,False,None
schacon,schacon/outline,2021-09-20T15:06:55Z,2,2,,True,False,Other
schacon,schacon/pbm,2014-10-11T10:50:28Z,1,1,Ruby,True,True,None
schacon,schacon/perl,2008-12-23T17:47:13Z,18,18,,True,True,Other
schacon,schacon/petition_watch,2013-02-22T14:18:56Z,5,5,Ruby,True,True,None
schacon,schacon/planetscale_rails,2024-01-19T14:44:42Z,1,1,,True,True,Apache License 2.0
schacon,schacon/progit-en,2014-10-22T09:23:43Z,4,4,,True,True,None
schacon,schacon/progit2-it,2014-11-14T10:17:54Z,2,2,CSS,True,True,Other
schacon,schacon/project,2010-08-24T19:01:03Z,3,3,Ruby,True,True,None
schacon,schacon/proxymachine,2011-02-04T00:34:02Z,3,3,Ruby,True,True,MIT License
schacon,schacon/publish-postgres-with-data-docker-action,2021-09-14T12:54:01Z,2,2,Dockerfile,True,True,None
schacon,schacon/PullRequestsForQiitaHackathon,2013-02-03T07:44:52Z,1,1,,True,True,None
schacon,schacon/pycon-hg-git,2010-02-21T15:50:46Z,12,12,Ruby,True,True,None
schacon,schacon/pyspades-userscripts,2012-07-26T23:15:19Z,3,3,Python,True,True,None
schacon,schacon/rack,2009-04-09T04:07:31Z,4,4,Ruby,True,True,Other
schacon,schacon/rails,2011-04-26T18:14:02Z,5,5,Ruby,True,False,None
schacon,schacon/rails-reverse-proxy,2017-09-12T01:31:54Z,2,2,Ruby,True,True,MIT License
schacon,schacon/rails-test,2011-08-30T19:32:06Z,4,4,Ruby,True,True,None
schacon,schacon/railstest,2011-07-08T22:30:41Z,2,2,Ruby,True,True,None
schacon,schacon/react-native-calendars,2023-07-08T12:45:10Z,1,1,,True,False,MIT License
schacon,schacon/recipes,2010-09-23T17:48:55Z,16,16,,True,True,None
schacon,schacon/redis,2011-01-04T21:41:28Z,2,2,C,True,True,"BSD 3-Clause ""New"" or ""Revised"" License"
schacon,schacon/redis-rb,2009-09-28T05:00:44Z,3,3,Ruby,True,False,MIT License
schacon,schacon/redwoodjs.com,2020-05-21T09:34:38Z,2,2,,True,True,None
schacon,schacon/retrospectiva,2009-04-07T22:27:41Z,5,5,Ruby,True,True,Other
schacon,schacon/ribbit,2010-05-07T21:54:22Z,17,17,Ruby,True,True,None
schacon,schacon/rkelly,2014-02-07T18:50:36Z,3,3,Ruby,True,True,None
schacon,schacon/rocco,2013-04-17T06:36:29Z,1,1,Ruby,True,False,Other
schacon,schacon/roxy,2008-12-03T01:12:14Z,3,3,Ruby,True,True,MIT License
schacon,schacon/ruby-github,2009-02-13T20:05:36Z,5,5,Ruby,True,True,None
schacon,schacon/ruby-ode,2013-11-17T16:11:23Z,1,1,C,True,False,Other
schacon,schacon/rugged,2023-05-21T03:55:28Z,2,2,C,True,False,MIT License
schacon,schacon/same-data,2014-04-25T04:00:20Z,1,1,,True,True,None
schacon,schacon/schacon,2020-07-27T13:06:20Z,8,8,,True,True,None
schacon,schacon/schacon.github.com,2008-12-17T03:06:20Z,52,52,Ruby,True,True,None
schacon,schacon/scottchacon-site,2023-11-01T17:17:53Z,1,1,HTML,True,True,None
schacon,schacon/semver,2011-12-07T15:27:56Z,8,8,,True,True,None
schacon,schacon/sfnew,2012-10-10T23:48:58Z,1,1,,True,True,None
schacon,schacon/showing-off-with-ruby,2010-02-16T17:50:52Z,5,5,JavaScript,True,True,None
schacon,schacon/showoff,2010-01-06T04:03:58Z,2411,2411,JavaScript,True,False,None
schacon,schacon/showoff-server,2010-04-05T18:20:41Z,8,8,JavaScript,True,True,None
schacon,schacon/showoff-wrangling-git,2010-01-21T21:26:38Z,29,29,JavaScript,True,True,None
schacon,schacon/ShowOffPad,2010-05-06T18:33:08Z,68,68,Objective-C,True,True,None
schacon,schacon/showoff_open_source_biz,2010-08-14T13:09:29Z,7,7,JavaScript,True,True,None
schacon,schacon/simplegit,2010-02-25T02:00:13Z,72,72,Ruby,True,True,None
schacon,schacon/simplegit-progit,2009-04-18T04:43:49Z,73,73,Ruby,True,True,None
schacon,schacon/sitebase,2008-12-07T15:58:50Z,7,7,,True,True,None
schacon,schacon/situation-clock,2013-11-08T04:50:52Z,42,42,,True,True,None
schacon,schacon/SkeletonJelly,2010-12-31T20:20:42Z,6,6,C++,True,True,None
schacon,schacon/snakeeyes,2010-12-17T02:15:44Z,4,4,Ruby,True,True,MIT License
schacon,schacon/snifter,2010-04-27T22:26:51Z,12,12,JavaScript,True,True,None
schacon,schacon/stripe,2020-06-02T16:26:47Z,2,2,,True,True,Apache License 2.0
schacon,schacon/subsucka,2008-08-20T21:30:59Z,10,10,Ruby,True,True,None
schacon,schacon/symfony,2011-10-20T15:58:26Z,7,7,PHP,True,False,MIT License
schacon,schacon/tale_of_three_trees,2011-03-31T00:29:21Z,16,16,JavaScript,True,True,None
schacon,schacon/teddy-tv-web,2022-12-13T15:14:30Z,3,3,JavaScript,True,True,MIT License
schacon,schacon/test-cmu,2012-09-25T02:27:01Z,2,2,,True,True,None
schacon,schacon/test-proj,2010-08-14T15:27:32Z,2,2,C,True,True,None
schacon,schacon/testrepo,2011-03-18T22:49:44Z,4,4,Java,True,True,None
schacon,schacon/testtest,2013-10-23T19:22:54Z,2,2,,True,True,GNU General Public License v2.0
schacon,schacon/testwhatever,2011-01-04T21:25:44Z,2,2,,True,True,None
schacon,schacon/testyd,2012-04-17T22:47:14Z,2,2,,True,True,None
schacon,schacon/thrift,2008-10-28T22:24:58Z,4,4,C++,True,True,Other
schacon,schacon/ticgit,2008-03-18T23:02:07Z,433,433,Ruby,True,True,Other
schacon,schacon/tobal,2015-03-12T16:54:23Z,4,4,Ruby,True,False,None
schacon,schacon/tomdoc,2011-04-12T22:18:39Z,2,2,,True,True,None
schacon,schacon/tornado,2010-09-22T19:52:59Z,3,3,Python,True,True,None
schacon,schacon/tres-arboles,2011-11-05T10:59:51Z,8,8,,True,True,None
schacon,schacon/trulia,2012-08-21T19:27:38Z,2,2,Ruby,True,True,None
schacon,schacon/try_git,2012-07-04T21:35:48Z,2,2,,True,True,None
schacon,schacon/usctest,2011-04-12T18:33:31Z,2,2,Ruby,True,True,None
schacon,schacon/webvtt,2015-07-28T20:07:53Z,2,2,Ruby,True,True,MIT License
schacon,schacon/webvtt-ruby,2018-01-06T00:29:00Z,1,1,Ruby,True,True,MIT License
schacon,schacon/wh-app-ios,2013-02-22T14:07:39Z,3,3,Objective-C,True,False,None
schacon,schacon/whygitisbetter,2008-11-25T18:02:51Z,165,165,Shell,True,True,MIT License
schacon,schacon/why_i_love_github,2011-04-26T17:18:57Z,265,265,,True,True,None
schacon,schacon/wit,2008-12-14T21:29:18Z,4,4,,True,True,None
schacon,schacon/xc4test,2010-06-14T18:25:31Z,2,2,,True,True,None
schacon,schacon/yt,2018-01-06T19:20:40Z,1,1,Ruby,True,False,MIT License
schacon,schacon/zoom_rb,2019-07-22T14:38:12Z,3,3,Ruby,True,True,MIT License
rwieruch,rwieruch/advanced-react-webpack-babel-setup,2019-06-25T12:19:24Z,191,191,JavaScript,True,True,None
rwieruch,rwieruch/angular-perfect-scrollbar,2014-11-04T21:54:43Z,0,0,,True,True,None
rwieruch,rwieruch/angular-rapid,2015-03-15T18:20:50Z,0,0,JavaScript,True,True,MIT License
rwieruch,rwieruch/Augmented-Reality-App-Backend,2013-06-17T12:55:37Z,1,1,Java,True,True,None
rwieruch,rwieruch/awesome-deno,2021-05-13T17:07:41Z,0,0,,True,False,Creative Commons Zero v1.0 Universal
rwieruch,rwieruch/awesome-react,2017-06-21T06:49:18Z,4,4,,True,False,None
rwieruch,rwieruch/awesome-react-components,2022-07-16T18:14:52Z,10,10,,True,True,Creative Commons Zero v1.0 Universal
rwieruch,rwieruch/awesome-react-graphql,2019-01-09T07:42:59Z,5,5,,True,True,Creative Commons Attribution 4.0 International
rwieruch,rwieruch/awesome-react-hooks,2019-05-22T14:18:51Z,7,7,,True,True,Creative Commons Zero v1.0 Universal
rwieruch,rwieruch/awesome-reasonml,2018-12-07T04:45:36Z,0,0,,True,True,None
rwieruch,rwieruch/awesome-reasonreact,2018-12-07T04:47:06Z,0,0,,True,True,None
rwieruch,rwieruch/awesome-redux,2016-07-15T21:32:30Z,1,1,,True,True,None
rwieruch,rwieruch/awesome-styled-components,2021-04-22T08:10:38Z,1,1,,True,False,None
rwieruch,rwieruch/Become-A-Full-Stack-Web-Developer,2017-03-17T03:25:14Z,17,17,,True,True,MIT License
rwieruch,rwieruch/blog_iamliesa,2016-09-26T20:11:20Z,0,0,JavaScript,True,True,None
rwieruch,rwieruch/blog_iamliesa_content,2018-09-27T07:31:02Z,3,3,JavaScript,True,True,None
rwieruch,rwieruch/blog_robinwieruch_content,2016-10-29T11:07:45Z,318,318,JavaScript,True,True,None
rwieruch,rwieruch/books,2017-11-05T15:05:20Z,5,5,,True,True,MIT License
rwieruch,rwieruch/brain.js,2018-04-14T00:29:43Z,0,0,JavaScript,True,True,MIT License
rwieruch,rwieruch/Brushing-Directive,2014-11-10T20:07:24Z,0,0,JavaScript,True,True,None
rwieruch,rwieruch/concise-javascript,2017-10-22T10:10:55Z,0,0,,True,True,None
rwieruch,rwieruch/crowdsourced-volunteering-list,2017-05-13T10:43:09Z,0,0,,True,True,None
rwieruch,rwieruch/D3-Brushing-With-Statistics,2014-08-24T16:53:24Z,4,4,,True,True,None
rwieruch,rwieruch/D3-On-Angular-Fisheye-Plugin,2014-10-31T15:33:18Z,2,2,JavaScript,True,True,None
rwieruch,rwieruch/d3-on-angular-seed,2014-08-23T09:48:40Z,2,2,JavaScript,True,True,None
rwieruch,rwieruch/deno,2020-05-26T12:47:26Z,0,0,,True,False,MIT License
rwieruch,rwieruch/dokku-letsencrypt,2017-08-15T09:07:42Z,0,0,Shell,True,False,MIT License
rwieruch,rwieruch/ebook,2021-10-25T13:31:26Z,1,1,,True,True,None
rwieruch,rwieruch/examples,2024-07-16T08:31:38Z,9,9,TypeScript,True,True,None
rwieruch,rwieruch/favesound-mobx,2016-08-18T07:36:38Z,524,524,JavaScript,True,True,None
rwieruch,rwieruch/favesound-redux,2016-01-27T21:43:25Z,1586,1586,JavaScript,True,True,None
rwieruch,rwieruch/Free-Courses,2017-11-14T16:14:17Z,2,2,JavaScript,True,True,MIT License
rwieruch,rwieruch/free-programming-books,2017-03-17T03:21:07Z,7,7,,True,True,Other
rwieruch,rwieruch/fullstack-express-mongodb-boilerplate,2020-04-30T12:13:00Z,17,17,JavaScript,True,True,None
rwieruch,rwieruch/gatsby,2017-11-26T23:14:47Z,0,0,JavaScript,True,False,MIT License
rwieruch,rwieruch/gatsby-mdx,2019-07-05T13:19:46Z,0,0,JavaScript,True,True,None
rwieruch,rwieruch/gatsby-mdx-blog-starter-project,2018-09-24T01:46:02Z,265,265,JavaScript,True,True,MIT License
rwieruch,rwieruch/gatsby-mdx-with-prismjs-bug,2019-07-05T13:03:48Z,0,0,CSS,True,True,MIT License
rwieruch,rwieruch/generator-gulp-angular,2015-03-27T21:09:01Z,0,0,JavaScript,True,True,None
rwieruch,rwieruch/github-webhook-automatic-blog-deployment,2019-08-27T07:26:24Z,9,9,JavaScript,True,True,None
rwieruch,rwieruch/GradientDescentExample,2017-10-13T15:20:17Z,0,0,Python,True,True,MIT License
rwieruch,rwieruch/graphql.github.io,2018-12-01T13:31:05Z,1,1,JavaScript,True,True,Other
rwieruch,rwieruch/hugo-minimal,2016-11-05T13:42:27Z,4,4,CSS,True,True,MIT License
rwieruch,rwieruch/Images-Scatterplot,2014-11-03T10:11:01Z,1,1,JavaScript,True,True,None
rwieruch,rwieruch/isotope,2018-12-06T01:22:17Z,0,0,HTML,True,False,None
rwieruch,rwieruch/javascript-closure,2019-07-15T10:49:23Z,8,8,JavaScript,True,True,None
rwieruch,rwieruch/javascript-reducer,2019-04-21T09:49:56Z,16,16,JavaScript,True,True,None
rwieruch,rwieruch/javascriptstuff-db,2018-12-22T03:55:28Z,1,1,JavaScript,True,True,None
rwieruch,rwieruch/jest-react-profiler-example,2019-06-25T17:20:43Z,3,3,JavaScript,True,True,None
rwieruch,rwieruch/keras-js,2018-04-29T07:51:07Z,0,0,JavaScript,True,True,MIT License
rwieruch,rwieruch/knowlegde,2015-05-21T19:05:33Z,1,1,JavaScript,True,True,None
rwieruch,rwieruch/ladda,2017-03-02T15:41:45Z,0,0,JavaScript,True,True,MIT License
rwieruch,rwieruch/ladda-react-example,2017-02-28T20:09:51Z,0,0,JavaScript,True,True,None
rwieruch,rwieruch/lucia,2024-03-22T10:18:34Z,2,2,,True,False,MIT License
rwieruch,rwieruch/mantine,2022-02-21T21:02:40Z,0,0,,True,False,MIT License
rwieruch,rwieruch/material-ui,2022-03-15T08:45:50Z,1,1,JavaScript,True,False,MIT License
rwieruch,rwieruch/minimal-node-application,2017-07-29T11:37:04Z,134,134,JavaScript,True,True,None
rwieruch,rwieruch/minimal-react-webpack-babel-setup,2017-02-22T21:11:09Z,853,853,JavaScript,True,True,None
rwieruch,rwieruch/minimal-react-webpack-babel-svg-setup,2019-04-23T10:34:56Z,9,9,JavaScript,True,True,None
rwieruch,rwieruch/minimal-webpack-babel-setup,2019-06-16T16:21:53Z,21,21,JavaScript,True,True,None
rwieruch,rwieruch/minimal-webpack-setup,2019-06-18T13:43:28Z,19,19,JavaScript,True,True,None
rwieruch,rwieruch/ml-class-assignments,2017-10-24T10:59:04Z,0,0,Matlab,True,True,MIT License
rwieruch,rwieruch/mobx,2016-11-21T07:47:14Z,0,0,JavaScript,True,True,MIT License
rwieruch,rwieruch/mobx-react,2016-07-17T17:39:32Z,0,0,JavaScript,True,True,MIT License
rwieruch,rwieruch/native-menu,2020-11-09T10:13:43Z,0,0,JavaScript,True,True,None
rwieruch,rwieruch/natural,2018-04-14T00:55:42Z,0,0,JavaScript,True,True,MIT License
rwieruch,rwieruch/neataptic,2018-04-13T06:37:19Z,0,0,JavaScript,True,True,Other
rwieruch,rwieruch/next-authentication,2024-03-20T12:09:43Z,12,12,TypeScript,True,True,None
rwieruch,rwieruch/next-forms,2024-02-27T09:09:39Z,13,13,TypeScript,True,True,None
rwieruch,rwieruch/next-prisma-sqlite,2024-03-21T09:43:59Z,7,7,TypeScript,True,True,None
rwieruch,rwieruch/next-redux-wrapper,2017-06-28T18:51:23Z,2,2,JavaScript,True,True,None
rwieruch,rwieruch/next-server-actions,2024-03-21T13:09:47Z,5,5,TypeScript,True,True,None
rwieruch,rwieruch/next.js,2017-08-07T12:58:55Z,1,1,JavaScript,True,True,MIT License
rwieruch,rwieruch/nextjs-firebase-authentication,2020-01-14T14:30:53Z,651,651,TypeScript,True,True,None
rwieruch,rwieruch/node-chrome-graphicsmagick,2020-02-18T11:27:48Z,2,2,Dockerfile,True,True,None
rwieruch,rwieruch/node-express-mongodb-server,2019-01-04T15:00:36Z,76,76,JavaScript,True,True,None
rwieruch,rwieruch/node-express-postgresql-server,2019-01-04T14:17:57Z,110,110,JavaScript,True,True,None
rwieruch,rwieruch/node-express-server,2019-01-06T06:13:32Z,34,34,JavaScript,True,True,None
rwieruch,rwieruch/node-express-server-rest-api,2018-11-14T02:47:10Z,125,125,JavaScript,True,True,None
rwieruch,rwieruch/node-js-jest,2020-02-21T09:08:47Z,12,12,JavaScript,True,True,None
rwieruch,rwieruch/node-package-open-source-starter,2017-10-30T10:31:30Z,1,1,JavaScript,True,True,None
rwieruch,rwieruch/node-testing-mocha-chai,2019-04-21T10:31:13Z,8,8,JavaScript,True,True,None
rwieruch,rwieruch/npm-profile,2020-11-15T06:44:29Z,0,0,,True,True,ISC License
rwieruch,rwieruch/npm-profile-api,2020-11-15T15:19:13Z,2,2,JavaScript,True,True,None
rwieruch,rwieruch/Offr,2014-11-04T08:50:54Z,0,0,JavaScript,True,True,None
rwieruch,rwieruch/open-crowd-fund,2017-10-19T06:21:52Z,96,96,JavaScript,True,True,MIT License
rwieruch,rwieruch/opencvjs,2018-04-29T08:02:32Z,0,0,C++,True,True,Other
rwieruch,rwieruch/parcel-react,2017-12-06T05:17:03Z,70,70,JavaScript,True,True,None
rwieruch,rwieruch/Pavlov.js,2018-04-14T00:58:00Z,0,0,C++,True,True,None
rwieruch,rwieruch/Pipelinr,2014-04-30T15:13:15Z,5,5,JavaScript,True,True,None
rwieruch,rwieruch/react-apollo-async-testing,2018-04-26T07:27:46Z,10,10,JavaScript,True,True,MIT License
rwieruch,rwieruch/react-data-fetching,2017-08-09T10:21:11Z,60,60,JavaScript,True,True,None
rwieruch,rwieruch/react-desktop-first-responsive-design-example,2018-02-07T10:18:31Z,1,1,JavaScript,True,True,None
rwieruch,rwieruch/react-example-paginated-list-infinite-scroll,2017-05-06T07:06:36Z,40,40,JavaScript,True,True,None
rwieruch,rwieruch/react-express-stripe,2017-06-12T07:22:10Z,241,241,JavaScript,True,True,MIT License
rwieruch,rwieruch/react-firebase-authentication-chat,2017-12-18T00:35:22Z,11,11,JavaScript,True,True,None
rwieruch,rwieruch/react-i18n-example,2020-02-05T12:36:10Z,25,25,JavaScript,True,True,None
rwieruch,rwieruch/react-library,2021-01-24T16:15:21Z,21,21,TypeScript,True,True,None
rwieruch,rwieruch/react-making-impossible-views-impossible,2018-02-06T11:58:13Z,7,7,JavaScript,True,True,None
rwieruch,rwieruch/react-markdown,2017-03-14T20:24:33Z,0,0,JavaScript,True,True,MIT License
rwieruch,rwieruch/react-micro-frontend-example,2018-01-23T16:38:42Z,53,53,JavaScript,True,True,None
rwieruch,rwieruch/react-mobx-soundcloud,2016-07-16T18:05:36Z,78,78,JavaScript,True,True,None
rwieruch,rwieruch/react-navigation.github.io,2020-12-19T18:27:57Z,0,0,,True,True,None
rwieruch,rwieruch/react-no-scroll-page,2018-02-01T11:26:17Z,2,2,JavaScript,True,True,None
rwieruch,rwieruch/react-provider-pattern,2017-07-11T07:05:14Z,11,11,JavaScript,True,True,None
rwieruch,rwieruch/react-redux-links,2018-11-30T08:45:47Z,5,5,,True,True,None
rwieruch,rwieruch/react-redux-soundcloud,2016-06-17T15:30:38Z,280,280,JavaScript,True,True,None
rwieruch,rwieruch/react-redux-tutorial-starter-kit,2018-10-10T03:25:03Z,20,20,JavaScript,True,True,None
rwieruch,rwieruch/react-router,2022-01-26T12:36:03Z,0,0,TypeScript,True,False,MIT License
rwieruch,rwieruch/react-router-shared-components,2021-05-12T07:17:36Z,3,3,JavaScript,True,True,None
rwieruch,rwieruch/react-stripe-checkout,2017-06-21T06:41:35Z,6,6,JavaScript,True,True,MIT License
rwieruch,rwieruch/react-svg-patterns,2017-08-25T15:41:50Z,6,6,JavaScript,True,True,None
rwieruch,rwieruch/react-testing-library,2021-02-19T05:49:18Z,0,0,,True,False,MIT License
rwieruch,rwieruch/react-ui-states-example,2018-02-05T12:43:13Z,3,3,JavaScript,True,True,None
rwieruch,rwieruch/react-webpack-babel-sophisticated,2018-01-22T15:16:43Z,6,6,JavaScript,True,True,None
rwieruch,rwieruch/reactjs.org,2019-06-22T13:07:25Z,0,0,JavaScript,True,True,Creative Commons Attribution 4.0 International
rwieruch,rwieruch/redux,2017-03-02T14:32:50Z,1,1,JavaScript,True,False,MIT License
rwieruch,rwieruch/redux-table,2016-04-13T17:43:09Z,5,5,JavaScript,True,True,None
rwieruch,rwieruch/reisebuero-bergfelde.de,2018-07-22T15:31:07Z,7,7,CSS,True,True,MIT License
rwieruch,rwieruch/repetitive-personal-things,2018-03-22T03:33:59Z,2,2,,True,True,None
rwieruch,rwieruch/resources-reasonml,2018-12-07T04:48:07Z,0,0,,True,True,None
rwieruch,rwieruch/road-beyond-react-app,2017-11-20T04:58:53Z,106,106,JavaScript,True,True,None
rwieruch,rwieruch/rwieruch,2023-01-19T21:35:56Z,1,1,,True,True,None
rwieruch,rwieruch/rwieruch.github.io,2016-04-16T21:06:30Z,0,0,CSS,True,True,None
rwieruch,rwieruch/Semantic-UI-React,2018-12-19T04:16:11Z,2,2,JavaScript,True,True,MIT License
rwieruch,rwieruch/sentiment,2018-04-14T00:59:46Z,0,0,JavaScript,True,False,MIT License
rwieruch,rwieruch/ShowreelsBackend,2013-07-06T18:00:27Z,1,1,Java,True,True,None
rwieruch,rwieruch/ShowreelsFrontend,2013-07-08T20:23:04Z,1,1,JavaScript,True,True,None
rwieruch,rwieruch/small-multiples-on-angular,2014-10-28T09:14:47Z,3,3,JavaScript,True,True,None
rwieruch,rwieruch/storybook,2019-06-02T07:54:52Z,1,1,JavaScript,True,False,MIT License
rwieruch,rwieruch/sublime-snippets,2016-04-15T22:28:15Z,0,0,,True,True,None
rwieruch,rwieruch/svgr-async-bug,2018-07-12T10:04:10Z,0,0,JavaScript,True,True,None
rwieruch,rwieruch/svmjs,2018-04-14T01:02:12Z,0,0,JavaScript,True,True,MIT License
rwieruch,rwieruch/synaptic,2018-04-29T07:57:07Z,0,0,JavaScript,True,True,Other
rwieruch,rwieruch/synchronized-array-shuffle,2017-12-19T01:33:51Z,1,1,JavaScript,True,True,MIT License
rwieruch,rwieruch/testing-library-docs,2020-06-16T12:21:31Z,0,0,,True,False,MIT License
rwieruch,rwieruch/the-road-to-learn-react-korean,2020-04-03T13:20:46Z,1,1,,True,True,None
rwieruch,rwieruch/the-road-to-next,2024-05-24T12:38:28Z,3,3,TypeScript,True,True,None
rwieruch,rwieruch/the-road-to-react-with-firebase,2017-12-12T01:04:26Z,48,48,,True,True,None
rwieruch,rwieruch/toolkit,2019-09-07T07:59:32Z,1,1,,True,False,MIT License
rwieruch,rwieruch/trpc,2022-10-22T20:17:00Z,0,0,TypeScript,True,False,MIT License
rwieruch,rwieruch/trpc-openapi-example,2022-10-22T19:44:34Z,6,6,TypeScript,True,True,None
rwieruch,rwieruch/visual-regression-testing-react-storybook,2018-05-17T06:04:21Z,26,26,JavaScript,True,True,None
rwieruch,rwieruch/vitest,2022-09-30T10:49:16Z,0,0,,True,True,MIT License
rwieruch,rwieruch/web-components-dropdown,2019-06-04T07:44:10Z,22,22,JavaScript,True,True,MIT License
rwieruch,rwieruch/web-components-starter-kit,2019-06-03T11:29:58Z,49,49,JavaScript,True,True,MIT License
rwieruch,rwieruch/webdnn,2018-04-29T08:04:52Z,0,0,Python,True,False,Other
rwieruch,rwieruch/webpack-advanced-setup,2019-06-23T11:10:54Z,19,19,JavaScript,True,True,None
rwieruch,rwieruch/why-frameworks-matter,2018-02-10T15:33:50Z,45,45,JavaScript,True,True,None
rwieruch,rwieruch/workshop-22042020,2020-04-22T15:24:23Z,1,1,JavaScript,True,True,None
rwieruch,rwieruch/workshop-27042020,2020-04-28T08:06:27Z,1,1,JavaScript,True,True,None
shuding,shuding/-2048,2014-03-17T10:45:26Z,4,4,JavaScript,True,True,MIT License
shuding,shuding/.vim,2013-08-17T04:06:20Z,2,2,C++,True,True,None
shuding,shuding/100-days-ui,2015-12-09T16:15:24Z,38,38,JavaScript,True,True,MIT License
shuding,shuding/13cs,2014-11-04T03:47:46Z,4,4,CSS,True,True,None
shuding,shuding/ABS-frontend,2015-04-29T15:10:55Z,6,6,JavaScript,True,True,MIT License
shuding,shuding/algorithm-contests,2013-06-06T09:02:51Z,4,4,C++,True,True,None
shuding,shuding/algorithms.js,2014-05-31T18:26:29Z,0,0,JavaScript,True,True,MIT License
shuding,shuding/angel,2015-08-27T11:36:31Z,2,2,JavaScript,True,True,MIT License
shuding,shuding/animator,2014-05-16T08:13:52Z,13,13,JavaScript,True,False,None
shuding,shuding/apple-pencil-safari-api-test,2016-04-13T18:30:17Z,455,455,JavaScript,True,True,None
shuding,shuding/awesome-cn-cafe,2015-11-06T14:58:10Z,0,0,,True,True,None
shuding,shuding/awesome-frontend-charts,2016-02-22T12:01:03Z,3,3,,True,True,MIT License
shuding,shuding/baidu-tieba-watcher,2013-03-29T11:11:14Z,1,1,Objective-C,True,True,None
shuding,shuding/berlin-apartments,2021-10-09T13:32:44Z,73,73,,False,False,MIT License
shuding,shuding/blog,2018-09-21T07:45:12Z,9,9,JavaScript,True,True,None
shuding,shuding/blog-1,2021-02-26T16:02:42Z,1,1,JavaScript,True,True,None
shuding,shuding/blog-template,2019-09-18T11:00:09Z,29,29,JavaScript,True,True,None
shuding,shuding/cc,2021-04-11T15:53:02Z,71,71,JavaScript,True,False,None
shuding,shuding/charch,2014-01-04T20:30:47Z,56,56,JavaScript,True,True,MIT License
shuding,shuding/chinese-information-processing,2015-09-19T07:18:02Z,0,0,HTML,True,True,None
shuding,shuding/class-sheet,2015-09-29T19:27:51Z,1,1,JavaScript,True,True,MIT License
shuding,shuding/cmdk,2022-08-09T13:01:57Z,3,3,,True,False,MIT License
shuding,shuding/cobe,2021-11-18T18:26:41Z,3228,3228,MDX,False,False,MIT License
shuding,shuding/codeforces,2013-04-20T16:21:02Z,0,0,C++,True,True,None
shuding,shuding/colorwheel,2015-10-05T05:09:51Z,0,0,JavaScript,True,True,None
shuding,shuding/core-notes,2016-06-06T16:05:59Z,0,0,,True,False,None
shuding,shuding/coursebook-server,2018-09-16T11:37:26Z,0,0,JavaScript,True,True,None
shuding,shuding/coursejs,2015-03-16T15:42:53Z,15,15,JavaScript,True,True,MIT License
shuding,shuding/coverflow,2014-08-01T21:17:36Z,36,36,HTML,True,True,None
shuding,shuding/css-computer,2015-07-15T07:59:53Z,34,34,HTML,True,True,None
shuding,shuding/css-must-watch,2015-04-22T00:12:53Z,1,1,CSS,True,True,None
shuding,shuding/cssosx,2013-12-12T04:38:29Z,138,138,CSS,True,True,None
shuding,shuding/cube,2015-10-09T07:14:05Z,6,6,JavaScript,True,True,None
shuding,shuding/delay,2016-01-28T14:57:10Z,5,5,,True,True,MIT License
shuding,shuding/ding,2014-09-15T16:45:21Z,35,35,JavaScript,True,True,MIT License
shuding,shuding/dogesite,2014-10-30T18:00:19Z,1,1,JavaScript,True,True,None
shuding,shuding/dom-to-image,2017-10-12T17:59:55Z,1,1,JavaScript,True,False,Other
shuding,shuding/EGOCache,2014-03-31T16:58:50Z,1,1,Objective-C,True,True,None
shuding,shuding/elemental,2016-01-31T09:34:01Z,0,0,JavaScript,True,True,MIT License
shuding,shuding/empty,2019-08-07T08:55:52Z,1,1,HTML,True,True,None
shuding,shuding/excited-frontend,2014-11-15T07:20:56Z,1,1,CSS,True,True,None
shuding,shuding/expressive-css,2015-12-28T07:16:36Z,0,0,HTML,True,True,MIT License
shuding,shuding/faster,2015-06-07T09:13:48Z,3,3,JavaScript,True,True,None
shuding,shuding/FCH5framework,2014-10-09T03:33:49Z,0,0,JavaScript,True,True,GNU General Public License v2.0
shuding,shuding/fdu-hci-2016,2016-03-29T04:21:16Z,1,1,HTML,True,True,MIT License
shuding,shuding/flappy-cube,2017-11-07T09:27:42Z,15,15,JavaScript,True,False,GNU General Public License v3.0
shuding,shuding/flappybird,2014-02-21T13:08:48Z,35,35,JavaScript,True,True,MIT License
shuding,shuding/fluentui-emoji-unicode,2022-08-28T14:00:01Z,13,13,JavaScript,True,True,MIT License
shuding,shuding/genui-demo,2024-04-04T23:09:23Z,5,5,,True,True,None
shuding,shuding/ghc,2016-08-12T16:13:53Z,6,6,JavaScript,True,True,None
shuding,shuding/glances,2016-02-22T06:35:17Z,0,0,Python,True,True,GNU Lesser General Public License v3.0
shuding,shuding/icons,2022-11-25T13:11:21Z,6,6,,True,True,MIT License
shuding,shuding/inkboard,2017-03-20T16:37:47Z,0,0,JavaScript,True,True,MIT License
shuding,shuding/innsbruck-old,2016-05-06T09:18:20Z,8,8,JavaScript,True,True,MIT License
shuding,shuding/innsbruck-plugins,2016-05-22T07:15:46Z,1,1,JavaScript,True,True,MIT License
shuding,shuding/introToGoogle,2014-05-27T20:57:42Z,0,0,JavaScript,True,True,MIT License
shuding,shuding/introToHtmlAndCss,2014-03-11T15:01:12Z,0,0,JavaScript,True,True,None
shuding,shuding/isomer,2014-07-06T17:28:46Z,0,0,,True,True,MIT License
shuding,shuding/js-crawler-demo,2017-05-16T04:23:06Z,1,1,JavaScript,True,True,None
shuding,shuding/js-must-watch,2014-07-12T12:46:38Z,1,1,,True,True,None
shuding,shuding/labs,2015-03-18T16:49:56Z,13,13,JavaScript,True,True,MIT License
android10,android10/Android-AnnotationsSample,2014-09-10T12:42:32Z,11,11,Java,True,True,Apache License 2.0
marijnh,marijnh/acl-zmq,2010-11-02T10:58:41Z,1,1,Common Lisp,True,True,None
mxmnk,mxmnk/hey,2021-08-16T16:40:01Z,70,70,JavaScript,True,True,None
nikic,nikic/ace,2016-10-01T18:57:54Z,1,1,JavaScript,True,True,Other
greenrobot,greenrobot/ActionBarSherlock,2011-10-28T22:15:51Z,7,7,Java,True,False,Apache License 2.0
sebastianruder,sebastianruder/allennlp,2020-08-06T09:54:10Z,1,1,,True,False,Apache License 2.0
vakila,vakila/ai-town,2023-08-17T15:05:29Z,1,1,,True,True,MIT License
tonsky,tonsky/2017-05-RigaDevDays,2017-05-15T06:22:54Z,2,2,JavaScript,False,False,None
felixge,felixge/ack,2011-04-01T14:30:54Z,4,4,Perl,True,True,None
alexeygrigorev,alexeygrigorev/aim3,2015-01-03T17:06:55Z,1,1,Java,True,True,GNU General Public License v3.0
hanxiao,hanxiao/action-lgtm-reaction,2020-03-26T21:19:14Z,0,0,,True,True,Apache License 2.0
ines,ines/awesome-pyladies-blogs,2023-05-04T08:56:48Z,1,1,R,True,False,Creative Commons Zero v1.0 Universal
apaszke,apaszke/apaszke.github.io,2015-08-30T22:18:10Z,7,7,HTML,True,True,None
lewagon,lewagon/active-record-advanced,2014-10-27T11:17:40Z,2,2,Ruby,True,True,None
codebytere,codebytere/action-upterm,2024-06-20T13:16:16Z,2,2,,True,True,Apache License 2.0
prisma,prisma/.github,2020-10-09T17:33:53Z,2,2,,False,False,None
armancodv,armancodv/android-cardslide-vertical,2020-02-13T15:29:40Z,8,8,,True,True,None
peterbourgon,peterbourgon/breakfast-solutions,2018-05-08T20:49:26Z,19,19,Go,True,True,Apache License 2.0
vanhauser-thc,vanhauser-thc/afl-cov,2019-06-22T22:14:00Z,66,66,Python,True,True,GNU General Public License v2.0
KittyGiraudel,KittyGiraudel/a11y-dialog,2016-02-11T11:01:11Z,2417,2417,TypeScript,False,False,MIT License
dashersw,dashersw/aktivite-akis-ornegi,2014-02-06T19:02:18Z,11,11,JavaScript,True,True,Apache License 2.0
codepo8,codepo8/-pre-fix-the-web,2011-12-19T18:47:14Z,1,1,,True,True,None
nlohmann,nlohmann/bahn_auftragsnummer,2017-04-18T22:14:52Z,3,3,Python,True,True,MIT License
floooh,floooh/altai,2016-10-21T21:37:59Z,55,55,TypeScript,True,True,MIT License
cure53,cure53/AppSecEurope2017,2017-01-09T23:02:50Z,1,1,,True,True,None
nisrulz,nisrulz/.github,2020-08-10T07:30:42Z,1,1,,True,True,None
vietnh1009,vietnh1009/AirGesture,2019-09-06T22:09:43Z,398,398,Python,True,True,MIT License
pepelsbey,pepelsbey/angular,2023-11-07T11:12:03Z,0,0,,True,False,MIT License
nschloe,nschloe/.github,2020-11-24T13:20:16Z,0,0,,True,True,None
spacejam,spacejam/acid-state,2017-02-01T01:47:48Z,11,11,Rust,True,True,None
ligi,ligi/.net,2019-01-16T22:14:32Z,1,1,HTML,True,False,GNU General Public License v3.0
justadudewhohacks,justadudewhohacks/colabsnippets,2019-03-28T11:34:33Z,1,1,Python,True,True,None
anaisbetts,anaisbetts/2013MayStirTrek,2013-05-23T01:36:16Z,1,1,,True,True,None
typst,typst/biblatex,2020-09-04T17:52:11Z,134,134,Rust,True,True,Apache License 2.0
robb,robb/.github,2022-06-24T14:14:54Z,0,0,,True,True,None
schickling,schickling/algorithms,2013-07-21T09:09:23Z,8,8,JavaScript,True,True,None
rkh,rkh/addressable,2013-03-22T09:15:46Z,2,2,Ruby,True,True,Apache License 2.0
withoutboats,withoutboats/access-queue,2020-05-24T11:39:05Z,36,36,Rust,True,True,None
honnibal,honnibal/anaconda-recipes,2017-04-01T08:26:10Z,1,1,C,True,True,Other
janl,janl/.js,2011-06-29T23:24:08Z,10,10,JavaScript,True,True,None
Roaa94,Roaa94/awesome-rive,2023-02-13T10:54:12Z,4,4,,True,True,None
frozeman,frozeman/725v2,2019-03-03T14:32:40Z,5,5,JavaScript,True,True,None
z3tt,z3tt/30DayChartChallenge2021,2021-04-01T08:32:55Z,36,36,R,True,True,MIT License
vas3k,vas3k/aiobotocore,2016-11-16T16:15:38Z,1,1,Python,True,True,Apache License 2.0
leo,leo/angefeuert,2016-06-24T09:04:32Z,1,1,SCSS,False,False,MIT License
mttkay,mttkay/.dotfiles,2013-01-03T13:17:30Z,0,0,Shell,True,False,None
tomaka,tomaka/2018-moscow-meetup,2018-12-16T14:52:51Z,0,0,HTML,True,True,None
johnkil,johnkil/Android-AppMsg,2012-08-06T09:51:12Z,1371,1371,Java,True,True,Apache License 2.0
mxschmitt,mxschmitt/.github,2022-10-25T19:52:54Z,0,0,,True,False,MIT License
smakosh,smakosh/agility-blog-test,2020-11-05T19:23:59Z,0,0,JavaScript,True,True,None
poettering,poettering/all-systems-go-website,2018-09-26T13:20:18Z,0,0,CSS,True,True,None
hynek,hynek/argon2-cffi,2015-12-07T16:12:48Z,558,558,Python,True,True,MIT License
TejasQ,TejasQ/a11y-for-managers,2019-03-12T16:20:45Z,0,0,JavaScript,True,True,None
AmruthPillai,AmruthPillai/adminlte-laravel,2017-10-02T11:44:17Z,1,1,CSS,True,True,MIT License
chriseth,chriseth/alethzero,2015-09-10T17:30:19Z,1,1,C++,True,True,GNU General Public License v3.0
roji,roji/AdoNetApiTest,2019-03-21T13:29:35Z,0,0,C#,True,True,MIT License
justinmk,justinmk/config,2012-07-31T00:27:21Z,165,165,Python,False,False,None
brianamarie,brianamarie/10-git-problems,2018-12-06T14:17:46Z,18,18,HTML,True,True,MIT License
datitran,datitran/.vimrc,2016-03-12T16:21:38Z,0,0,VimL,True,True,None
arash-hacker,arash-hacker/.dotfiles,2019-09-13T19:47:50Z,0,0,Vim Script,True,True,None
alireza0,alireza0/alireza0.github.io,2023-09-11T10:50:08Z,24,24,HTML,True,True,Apache License 2.0
maciejwalkowiak,maciejwalkowiak/antora-ui-spring-cloud-aws,2023-12-02T08:57:46Z,0,0,CSS,True,True,Mozilla Public License 2.0
eps1lon,eps1lon/00266426-nextjs,2024-08-22T09:22:15Z,0,0,,True,True,None
MohamedMesto,MohamedMesto/2d-solar-system,2024-09-22T12:53:33Z,0,0,,True,True,None
solegalli,solegalli/DataTalks.Club2022,2022-08-23T12:12:58Z,20,20,Jupyter Notebook,True,True,Other
mugli,mugli/advent-of-code-2022,2022-12-01T19:13:59Z,1,1,Go,True,True,None
pedromassango,pedromassango/ahoy-onboarding,2018-03-09T13:24:42Z,3,3,Java,True,True,Apache License 2.0
Byron,Byron/advisory-db,2023-09-25T06:54:43Z,0,0,,True,True,Other
aFarkas,aFarkas/accessible--stylable-Radiobuttons-and-Checkboxes,2010-04-02T20:49:27Z,37,37,JavaScript,True,True,None
mr-mig,mr-mig/am.channel,2014-10-29T22:47:07Z,1,1,JavaScript,True,True,None
gka,gka/2024-svelteplot-demos,2024-01-17T00:21:14Z,1,1,,True,True,None
cytopia,cytopia/ansible-debian,2017-12-10T00:13:34Z,92,92,Jinja,True,True,MIT License
explosion,explosion/.github,2021-11-30T09:28:03Z,2,2,,False,False,None
omz,omz/AppSales-Mobile,2009-07-03T22:38:21Z,1890,1890,Objective-C,True,False,None
sujinleeme,sujinleeme/babel-handbook,2018-07-03T10:04:46Z,4,4,,True,True,Creative Commons Attribution 4.0 International
tgalal,tgalal/android-dumpkey,2015-06-14T22:19:05Z,8,8,Python,True,True,Apache License 2.0
stefanjudis,stefanjudis/1-1-question-now,2020-05-09T05:29:48Z,21,21,JavaScript,True,True,MIT License
cs-MohamedAyman,cs-MohamedAyman/Artificial-Intelligence-Trainings,2023-04-30T07:07:22Z,1,1,,True,True,Apache License 2.0
dmonad,dmonad/.github,2020-06-27T23:17:02Z,0,0,,True,True,None
ojack,ojack/abrir-monte,2019-09-24T14:02:51Z,0,0,JavaScript,True,True,None
beorn7,beorn7/2015-talks,2015-07-13T13:41:36Z,0,0,,True,True,None
camunda,camunda/.github,2021-03-01T15:11:33Z,0,0,,True,True,None
olilarkin,olilarkin/ADC2018,2018-11-17T19:53:16Z,14,14,C,True,False,None
deliveryhero,deliveryhero/amazon-sqs-java-messaging-lib,2022-03-28T10:41:33Z,0,0,Java,True,False,Apache License 2.0
berndruecker,berndruecker/advanced-workflow-patterns,2022-06-22T14:30:56Z,1,1,JavaScript,True,True,None
xct,xct/adopt,2022-07-08T17:28:16Z,13,13,C++,True,True,None
rxrbln,rxrbln/bluez-alsa,2018-06-07T11:10:36Z,1,1,C,True,True,Other
davidchambers,davidchambers/airwaves,2012-09-15T21:53:51Z,25,25,CoffeeScript,True,False,Do What The F*ck You Want To Public License
adamwiggins,adamwiggins/12factor,2011-06-03T09:35:22Z,409,409,Ruby,True,True,MIT License
naderman,naderman/05f5,2024-03-15T11:23:50Z,0,0,,True,True,None
fjl,fjl/7002asm,2024-03-18T23:03:30Z,1,1,,True,True,MIT License
vitormalencar,vitormalencar/agendaTeen,2015-07-06T19:56:47Z,1,1,,True,True,None
moklick,moklick/aframe,2017-09-06T21:15:29Z,0,0,JavaScript,True,True,MIT License
rpolonsky,rpolonsky/arui-scripts,2019-02-01T10:11:49Z,0,0,JavaScript,True,True,None
kashif,kashif/accelerate,2023-02-02T16:06:43Z,1,1,,True,True,Apache License 2.0
LilithWittmann,LilithWittmann/airflow,2015-09-18T15:20:03Z,2,2,JavaScript,True,True,Other
pudo,pudo/addressformatting,2021-06-23T09:10:41Z,11,11,Python,False,False,"BSD 3-Clause ""New"" or ""Revised"" License"
jamesmunns,jamesmunns/a-chat,2019-08-17T10:50:40Z,0,0,Rust,True,True,None
javierbyte,javierbyte/actualizar,2021-08-21T03:20:33Z,4,4,JavaScript,True,True,"BSD 3-Clause ""New"" or ""Revised"" License"
meh,meh/4chan-Style-Script,2012-07-24T07:36:38Z,1,1,JavaScript,True,False,None
rednafi,rednafi/aimeos-typo3,2024-10-21T19:29:30Z,0,0,,True,False,GNU General Public License v3.0
visenger,visenger/advmlthreatmatrix,2021-07-15T16:33:43Z,1,1,,True,True,None
zaraco,zaraco/Background-Image-Slider-Project,2020-04-12T17:59:16Z,10,10,,True,True,None
brancz,brancz/ainur,2023-03-10T17:15:21Z,0,0,,True,True,"BSD 3-Clause ""New"" or ""Revised"" License"
spacekookie,spacekookie/a-very-brief-intro-to-rust,2018-08-15T22:28:03Z,1,1,JavaScript,True,True,MIT License
ptaoussanis,ptaoussanis/aleph,2012-12-27T05:43:36Z,0,0,Clojure,True,True,None
deepset-ai,deepset-ai/.github,2022-07-28T08:09:00Z,0,0,,True,True,None
mlent,mlent/12xstartup,2020-09-19T10:56:47Z,2,2,TypeScript,True,True,MIT License
emad-elsaid,emad-elsaid/AI,2023-04-07T13:57:26Z,7,7,Dockerfile,True,True,None
paolorotolo,paolorotolo/AboutLibraries-repro-1008,2024-07-12T14:50:52Z,0,0,Kotlin,True,True,None
panique,panique/html5-video,2014-05-31T14:50:43Z,59,59,HTML,True,True,MIT License
kof,kof/anima,2014-01-24T17:59:46Z,0,0,JavaScript,True,False,MIT License
falkTX,falkTX/abGate,2020-10-12T10:57:53Z,0,0,C++,True,True,GNU Lesser General Public License v3.0
pepicrft,pepicrft/asdf-plugins,2023-12-18T17:26:30Z,0,0,,True,False,MIT License
hramezani,hramezani/2019.djangocon.com.au,2019-06-25T08:05:22Z,0,0,HTML,True,True,Other
cebe,cebe/a-guide-to-yii-grids-lists-and-data-providers,2012-02-18T15:29:46Z,3,3,,True,True,None
PurpleBooth,PurpleBooth/2020-kata-chop,2021-04-22T05:53:10Z,0,0,Rust,True,True,Creative Commons Zero v1.0 Universal
bergie,bergie/actionbar,2013-03-20T14:44:01Z,15,15,JavaScript,True,True,None
rahmonov,rahmonov/advent-of-code,2021-12-01T09:19:53Z,3,3,Python,True,True,None
bkchr,bkchr/aarch64-build-box,2018-04-06T12:19:28Z,0,0,Nix,True,True,None
svenfuchs,svenfuchs/activemodel-error,2010-01-24T02:08:29Z,6,6,Ruby,True,True,MIT License
derhuerst,derhuerst/.finn,2014-07-31T04:48:01Z,1,1,CoffeeScript,False,False,MIT License
nikolasburk,nikolasburk/accelerate-speed-test,2023-12-15T16:27:22Z,0,0,,True,False,None
areyou1or0,areyou1or0/Bash-Fu,2019-02-20T14:14:47Z,54,54,,True,True,None
tasomaniac,tasomaniac/amper,2023-11-10T11:16:36Z,0,0,,True,False,Apache License 2.0
Phantas0s,Phantas0s/.dotfiles,2017-01-14T11:32:52Z,646,646,Scheme,True,True,None
ndrplz,ndrplz/CIFAR-10,2018-10-26T21:02:58Z,9,9,Python,True,True,MIT License
zalando,zalando/.github,2019-02-22T13:18:54Z,1,1,,True,True,None
voronianski,voronianski/24pullrequests,2013-12-03T18:21:47Z,0,0,Ruby,True,True,MIT License
maateen,maateen/algorithm-practice,2016-03-12T04:05:56Z,2,2,Python,True,True,GNU General Public License v3.0
lilic,lilic/arcticdb,2022-06-12T11:18:28Z,0,0,,True,False,Apache License 2.0
Expensify,Expensify/AndroidTagView,2018-08-15T22:18:50Z,0,0,Java,True,True,None
fzerorubigd,fzerorubigd/3d-qr-code,2023-09-17T11:11:55Z,4,4,Go,True,True,None
endocrimes,endocrimes/actions,2018-11-17T20:48:00Z,5,5,Shell,False,False,MIT License
plutov,plutov/air-quality-google-home,2019-01-22T10:31:42Z,2,2,Go,True,True,MIT License
kjam,kjam/awesome-artificial-intelligence-guidelines,2020-09-09T16:00:27Z,1,1,,True,True,MIT License
neelance,neelance/amplitude-to-bigquery,2018-11-15T08:35:34Z,0,0,Go,True,True,None
codergogoi,codergogoi/Apollo-GraphQL,2019-11-19T10:42:21Z,0,0,JavaScript,True,True,None
skade,skade/32c3,2015-11-10T13:25:13Z,1,1,,True,True,None
infusion,infusion/Babylon.js,2023-07-23T13:22:45Z,1,1,TypeScript,True,False,Apache License 2.0
RobertTLange,RobertTLange/action-grammars-hrl,2019-01-04T09:52:28Z,5,5,Jupyter Notebook,True,True,None
anapaulagomes,anapaulagomes/advent-of-code,2018-12-02T10:31:15Z,0,0,Rust,True,True,None
burakcan,burakcan/AcikKaynak,2015-12-25T09:25:47Z,2,2,,True,True,GNU General Public License v2.0
msaaddev,msaaddev/10-pearls-webinar,2022-08-05T12:30:20Z,3,3,TypeScript,True,True,None
sschmid,sschmid/.sln.dotsettings,2022-09-28T08:44:07Z,2,2,,True,True,None
generall,generall/aligner,2014-07-06T18:50:22Z,36,36,Ruby,True,True,None
SpaceK33z,SpaceK33z/Aerial,2017-01-04T15:19:44Z,0,0,Swift,True,False,MIT License
rootzoll,rootzoll/angular-translate-sheet-export,2017-05-17T11:03:44Z,1,1,JavaScript,True,False,None
debris,debris/.vimrc,2015-07-24T15:07:17Z,1,1,Vim script,True,True,None
m0nad,m0nad/ARP-Poison,2013-04-07T21:52:08Z,37,37,C,True,True,None
janpio,janpio/100daysofcode-react-todo,2023-09-11T16:58:23Z,0,0,,True,True,None
ozgurozturknet,ozgurozturknet/AdanZyeDocker,2019-09-23T12:27:58Z,431,431,HTML,True,True,None
cjwirth,cjwirth/arm64-to-sim,2022-10-18T20:31:29Z,0,0,,True,False,MIT License
philippjfr,philippjfr/awesome-panel,2019-12-08T13:19:53Z,2,2,,True,True,Apache License 2.0
XAMPPRocky,XAMPPRocky/.github,2020-05-19T09:42:39Z,0,0,,True,True,None
increpare,increpare/3Byte,2019-04-30T10:31:15Z,1,1,HTML,True,True,None
dereuromark,dereuromark/auth-demo,2020-03-26T23:48:29Z,3,3,PHP,False,True,None
iuridepaula,iuridepaula/portfolio,2019-05-21T18:39:34Z,589,589,Vue,True,True,MIT License
Tienisto,Tienisto/AppChecker,2019-12-18T17:42:19Z,3,3,Python,True,True,None
LefterisJP,LefterisJP/.emacs,2016-02-16T11:25:50Z,0,0,Emacs Lisp,True,True,None
Conchylicultor,Conchylicultor/AbcDeep,2017-02-13T21:23:39Z,0,0,Python,True,True,Apache License 2.0
localheinz,localheinz/acclimate-container,2015-07-23T14:04:56Z,1,1,PHP,True,False,MIT License
matthiasn,matthiasn/2014-03-play-meetup-hamburg,2014-03-02T20:40:30Z,1,1,JavaScript,True,True,None
q9f,q9f/.dotfiles,2021-06-10T09:46:07Z,0,0,Vim Script,True,True,The Unlicense
chrieke,chrieke/600SeriesAndroidUploader,2018-12-28T22:57:06Z,0,0,Java,True,True,MIT License
NikolaiT,NikolaiT/3proxy-docker,2021-01-24T13:40:17Z,4,4,Shell,True,True,None
thatisuday,thatisuday/bgsvg,2024-06-24T21:10:17Z,0,0,TypeScript,True,True,None
rumyantseva,rumyantseva/advent-2017,2017-12-01T17:47:41Z,98,98,Go,False,False,MIT License
tcurdt,tcurdt/action-verify-version-cargo,2020-09-22T00:02:31Z,2,2,JavaScript,True,True,None
salihgueler,salihgueler/advent-of-code,2022-12-02T00:52:17Z,1,1,,True,True,None
iotaledger,iotaledger/academic-papers,2019-08-07T09:27:26Z,6,6,TeX,True,True,None
splitbrain,splitbrain/2in1screen,2019-01-04T20:07:59Z,3,3,C,True,True,MIT License
mtdvio,mtdvio/bok,2019-03-02T10:04:18Z,16,16,,True,True,Creative Commons Attribution Share Alike 4.0 International
hukl,hukl/aduri,2010-06-21T10:21:18Z,1,1,Ruby,True,True,None
juliusv,juliusv/alertmanager,2019-03-29T12:43:11Z,0,0,Go,True,False,Apache License 2.0
wolfv,wolfv/7zip-feedstock,2020-09-14T08:16:26Z,0,0,,True,False,"BSD 3-Clause ""New"" or ""Revised"" License"
kakkoyun,kakkoyun/1on1-questions,2020-02-16T22:19:39Z,0,0,,True,True,None
Jolg42,Jolg42/.github,2020-06-05T15:53:17Z,0,0,,True,True,None
manashmandal,manashmandal/3D-Maze-Solver,2015-02-20T16:22:06Z,0,0,C++,True,True,GNU General Public License v2.0
domschiener,domschiener/age-check,2015-09-06T06:17:21Z,0,0,JavaScript,True,True,None
ebrugulec,ebrugulec/awesome-github-profile-readme,2020-12-15T08:12:31Z,1,1,Vue,True,True,Creative Commons Zero v1.0 Universal
kaisermann,kaisermann/.dotfiles,2016-10-28T17:49:43Z,6,6,Vim Script,False,False,None
seyfer,seyfer/ai-chatbot-course,2023-06-29T10:57:42Z,1,1,,False,False,None
rohan20,rohan20/AlarmManagerTest,2017-03-24T08:35:59Z,0,0,Java,True,True,None
wix,wix/app-template-custom-shipping-rates,2024-02-28T11:06:07Z,4,4,TypeScript,True,True,MIT License
cketti,cketti/Aapt2XmlOddity,2018-01-10T19:06:34Z,2,2,Java,True,True,None
tasdikrahman,tasdikrahman/ansible-bootstrap-server,2017-04-06T11:25:37Z,17,17,Shell,True,True,GNU General Public License v3.0
berstend,berstend/agar.io-hacks,2015-10-11T20:55:32Z,1,1,JavaScript,True,True,None
ThisIsMissEm,ThisIsMissEm/action-eslint-fix,2020-07-24T14:55:18Z,0,0,,True,True,MIT License
johannesjo,johannesjo/.github,2020-10-04T14:41:19Z,0,0,,True,False,None
greyblake,greyblake/advent,2023-12-02T21:06:53Z,0,0,Rust,True,True,None
christianparpart,christianparpart/actor-model,2018-10-12T22:11:57Z,5,5,C++,True,True,None
davidsbatista,davidsbatista/Annotated-Semantic-Relationships-Datasets,2016-02-21T12:51:38Z,685,685,,True,True,None
sheremet-va,sheremet-va/acorn,2024-01-09T15:02:29Z,0,0,,True,False,None
ahmedash95,ahmedash95/12factor,2019-10-01T09:36:24Z,1,1,,True,False,MIT License
kostasx,kostasx/11ty-website,2022-05-30T10:11:43Z,1,1,,True,False,MIT License
lislis,lislis/adequate-clojurescript,2017-08-16T19:09:35Z,0,0,HTML,True,True,MIT License
AnirudhDagar,AnirudhDagar/ACM-ICPC-Preparation,2019-04-13T10:47:40Z,1,1,C++,True,True,MIT License
arximboldi,arximboldi/aqt-cassowary,2016-07-27T10:17:23Z,0,0,QML,True,True,MIT License
mhagger,mhagger/cvs2svn,2011-03-23T10:32:15Z,76,76,Python,True,True,Other
boopathi,boopathi/2-sw,2016-11-25T15:45:37Z,1,1,JavaScript,True,True,MIT License
DonnchaC,DonnchaC/bitaddress.org,2013-07-27T12:49:39Z,1,1,,True,True,None
gouthamve,gouthamve/2fauth,2015-07-26T14:33:31Z,0,0,Go,True,True,MIT License
jackrusher,jackrusher/arrowic,2017-02-23T09:43:54Z,24,24,Clojure,True,True,Eclipse Public License 1.0
matthiasplappert,matthiasplappert/8x8-led,2021-05-16T02:17:02Z,0,0,C++,True,True,None
nuhkoca,nuhkoca/Actimo-Android-App,2017-12-08T20:02:48Z,0,0,Java,True,True,None
faressoft,faressoft/Alt-Tab---Node.JS-Coding-Challenge-Public,2018-06-19T10:25:01Z,0,0,JavaScript,True,True,None
xeolabs,xeolabs/3d-models,2024-01-20T15:45:33Z,0,0,,True,True,MIT License
xyflow,xyflow/.github,2023-10-23T13:07:28Z,0,0,,True,True,None
AriaMinaei,AriaMinaei/adt.js,2015-08-23T12:35:15Z,0,0,JavaScript,True,True,MIT License
lukasmasuch,lukasmasuch/airflow,2022-10-18T14:26:11Z,1,1,,True,False,Apache License 2.0
hellofresh,hellofresh/action-changed-files,2022-01-05T16:02:56Z,31,31,Python,False,False,Apache License 2.0
ikrum,ikrum/amazing-muri,2017-12-11T08:16:56Z,0,0,Python,True,True,None
asus4,asus4/.cspell,2024-05-10T10:39:22Z,1,1,Shell,True,True,None
simoneas02,simoneas02/2017-goals,2017-02-05T02:43:05Z,17,17,,True,True,MIT License
x42,x42/003amdtp,2012-12-29T00:14:56Z,7,7,C,True,True,None
blueyed,blueyed/ablog,2020-03-04T16:46:22Z,0,0,,True,False,Other
peterp,peterp/ai-getting-started,2023-06-21T19:19:56Z,3,3,,True,True,MIT License
marinalimeira,marinalimeira/2015.1-IAC-trabalho-pratico,2015-10-16T02:31:11Z,0,0,C,True,True,GNU General Public License v3.0
metalmatze,metalmatze/alertmanager,2019-03-15T13:58:32Z,1,1,Go,True,False,Apache License 2.0
segunfamisa,segunfamisa/algorithms,2016-08-06T11:17:16Z,1,1,Python,True,True,None
ethanfrey,ethanfrey/admin,2016-10-17T12:14:41Z,0,0,JavaScript,True,True,None
stefanw,stefanw/abschlapp,2017-10-12T08:11:24Z,3,3,Vue,True,True,None
PragTob,PragTob/2017,2016-12-22T20:36:56Z,0,0,,True,True,None
roidrage,roidrage/activemessaging,2008-06-20T08:05:51Z,5,5,Ruby,True,True,None
hwclass,hwclass/8art,2016-02-13T18:03:42Z,0,0,JavaScript,True,True,MIT License
juanitorduz,juanitorduz/aesara,2022-12-09T19:18:34Z,0,0,,True,True,Other
rdilruba,rdilruba/assembly,2018-05-11T22:06:31Z,1,1,Java,True,True,None
okwme,okwme/aces-up,2016-10-23T16:18:23Z,1,1,HTML,True,True,None
ivangfr,ivangfr/api-oha-benchmarker,2024-07-28T13:07:26Z,9,9,Java,True,False,None
abhishek-ch,abhishek-ch/abhishek-ch.github.io,2019-07-30T09:02:32Z,0,0,HTML,True,True,None
durran,durran/aws-lambda-java,2023-01-26T17:38:02Z,0,0,Java,True,True,None
aabouzaid,aabouzaid/aabouzaid,2021-10-04T00:04:39Z,2,2,,True,True,None
chrisgrieser,chrisgrieser/.config,2023-09-21T12:02:53Z,86,86,Lua,False,False,None
sagar-viradiya,sagar-viradiya/adp-delightful-details,2016-12-14T16:29:58Z,0,0,Java,True,True,MIT License
vertexclique,vertexclique/A4Weather,2013-04-10T01:17:32Z,0,0,C#,True,True,None
ahmedeltaher,ahmedeltaher/ahmedeltaher.github.io,2019-12-26T02:47:03Z,2,2,HTML,True,True,None
DominicBreuker,DominicBreuker/airflow_example,2018-01-17T17:22:48Z,1,1,Makefile,True,True,None
mxmxmx,mxmxmx/3HP_dual_OA,2017-05-17T07:21:38Z,28,28,,True,True,None
photoprism,photoprism/crontab-ui,2023-05-17T22:40:43Z,3,3,,True,True,MIT License
diessica,diessica/adult-search-queries.json,2019-07-20T19:40:22Z,1,1,,True,True,None
christophergandrud,christophergandrud/Alt_et_al_2014_Replication,2014-09-25T07:52:17Z,1,1,Stata,True,True,MIT License
drogus,drogus/a-migration-test,2019-09-10T12:13:06Z,0,0,,True,True,None
tessr,tessr/aws-sdk-go,2017-09-15T16:43:00Z,0,0,Go,True,True,Apache License 2.0
SimonDanisch,SimonDanisch/AbstractNumbers.jl,2017-11-21T21:42:28Z,23,23,Julia,True,True,Other
KutayAkalin,KutayAkalin/albumentations,2021-01-07T20:31:24Z,1,1,,True,True,MIT License
Ohara124c41,Ohara124c41/.github,2024-10-17T07:09:39Z,0,0,C++,True,True,None
IRCSS,IRCSS/3D-Moebius-Transformations-Vertex-shader-in-Unity-3D,2020-09-24T20:06:46Z,73,73,C#,True,True,MIT License
mntmn,mntmn/amiga-mouse-emulator,2015-04-19T22:42:57Z,21,21,Arduino,True,True,None
ff6347,ff6347/.wilfred,2016-02-08T13:00:19Z,0,0,JavaScript,True,True,None
berinhard,berinhard/algorithms,2015-08-03T01:04:41Z,0,0,Python,True,True,None
kianenigma,kianenigma/.zshrc,2020-05-23T09:53:53Z,3,3,Shell,True,True,The Unlicense
SuperQ,SuperQ/2048,2020-09-14T18:06:14Z,0,0,,True,True,MIT License
hellosagar,hellosagar/2nd-Personal-Website,2021-01-13T09:54:33Z,1,1,CSS,True,True,None
tmbo,tmbo/alexa-vbb-skill,2017-11-11T16:59:46Z,0,0,Python,True,True,None
delucis,delucis/24ways-react,2016-01-11T02:39:38Z,0,0,JavaScript,False,False,None
hanshuebner,hanshuebner/acl-zmq,2010-06-22T09:44:31Z,2,2,Common Lisp,True,True,None
ueberdosis,ueberdosis/.github,2020-07-09T09:19:15Z,0,0,,False,False,None
almaleksia,almaleksia/almaleksia.github.io,2019-06-26T20:08:16Z,2,2,Ruby,True,True,None
hackebrot,hackebrot/amelia,2016-12-26T21:39:36Z,8,8,Go,True,False,MIT License
AlexDenisov,AlexDenisov/alexdenisov.github.io,2014-12-27T21:55:26Z,4,4,HTML,True,True,None
danascript,danascript/algtivism,2020-07-08T20:07:29Z,14,14,HTML,True,True,None
tarek360,tarek360/3d-models,2022-07-15T08:07:43Z,0,0,,True,True,None
tillrohrmann,tillrohrmann/airflow,2022-02-18T16:34:38Z,0,0,,True,False,Apache License 2.0
sschuberth,sschuberth/.github,2021-01-28T12:35:51Z,1,1,,True,True,None
esc,esc/20bn-video-data-loading-talk,2018-08-06T10:10:54Z,0,0,Python,True,True,None
mrackwitz,mrackwitz/101repo,2012-05-06T23:41:39Z,1,1,PHP,True,True,None
hagenburger,hagenburger/awesome-ruby,2014-07-25T10:56:21Z,0,0,,True,True,None
w0rm,w0rm/async-graphql,2022-11-03T20:07:54Z,0,0,,True,True,Apache License 2.0
gusgad,gusgad/alexa-polarcast,2019-02-24T13:37:32Z,0,0,JavaScript,True,True,MIT License
cpanato,cpanato/.allstar,2022-05-23T11:38:36Z,0,0,,True,True,None
azproduction,azproduction/1css,2013-11-10T19:53:21Z,27,27,JavaScript,True,False,MIT License
ForsakenHarmony,ForsakenHarmony/adventofcode,2016-12-02T19:19:45Z,0,0,Rust,True,True,None
lucasmichot,lucasmichot/binclear,2010-12-23T18:28:29Z,0,0,PHP,True,True,None
jrieke,jrieke/aand,2017-04-25T21:26:54Z,0,0,Jupyter Notebook,True,True,MIT License
slint-ui,slint-ui/.github,2022-04-22T12:23:42Z,1,1,,True,True,None
lastzero,lastzero/autoscaler,2020-08-14T12:28:59Z,0,0,,True,False,Other
ndom91,ndom91/.github,2022-07-20T15:50:57Z,0,0,,True,True,MIT License
adbar,adbar/adbar,2020-09-21T15:15:55Z,0,0,,True,True,None
krother,krother/academis,2014-05-13T19:09:20Z,0,0,HTML,True,True,None
opf,opf/action-eslint,2021-07-15T09:35:45Z,0,0,JavaScript,False,True,MIT License
jpkrohling,jpkrohling/.github,2020-10-27T12:48:16Z,0,0,,True,True,Apache License 2.0
turian,turian/anticipation,2024-01-03T13:23:14Z,0,0,,True,True,Apache License 2.0
fritzing,fritzing/aisler-wiki,2017-02-14T12:21:29Z,1,1,Ruby,True,True,Creative Commons Attribution Share Alike 4.0 International
afuh,afuh/2048,2017-01-26T09:55:12Z,0,0,CSS,True,True,MIT License
prof18,prof18/airalo-take-home,2023-08-07T16:41:06Z,0,0,Kotlin,True,True,None
ManiMozaffar,ManiMozaffar/aggify,2023-10-28T09:17:16Z,1,1,,True,False,MIT License
timpritlove,timpritlove/bitcoinmonkey,2017-10-16T07:24:37Z,2,2,Lua,True,True,None
andywer,andywer/aiortc,2024-06-10T08:11:40Z,0,0,,True,True,"BSD 3-Clause ""New"" or ""Revised"" License"
schriftgestalt,schriftgestalt/AchorArranger,2022-08-17T09:23:36Z,0,0,Python,True,True,None
aksakalli,aksakalli/academy,2021-01-16T16:41:46Z,0,0,Jupyter Notebook,True,True,Apache License 2.0
MoeinDeveloper92,MoeinDeveloper92/animated-portfolio,2023-12-18T17:29:50Z,0,0,,True,False,None
cjolowicz,cjolowicz/action-detect-and-tag-new-version,2020-06-08T04:44:51Z,0,0,,True,True,MIT License
StephanEwen,StephanEwen/awesome-workflow-engines,2024-10-07T14:50:03Z,0,0,,True,True,Apache License 2.0
boennemann,boennemann/2016.nodeconf.com.ar,2016-09-29T17:33:11Z,0,0,HTML,True,False,None
TheLartians,TheLartians/advent-of-code-2020,2020-12-04T13:12:08Z,1,1,Rust,True,True,None
ravanscafi,ravanscafi/advent-of-code-2022,2022-12-02T11:05:07Z,0,0,Go,True,True,MIT License
turbo,turbo/a6000-LUTs,2021-07-11T05:59:55Z,0,0,,True,True,Creative Commons Zero v1.0 Universal
guitmz,guitmz/.emacs,2020-11-06T17:25:56Z,0,0,,True,True,None
gumb0,gumb0/adaptive-pomodoro,2016-02-25T08:04:38Z,1,1,C++,False,False,GNU Lesser General Public License v3.0
squat,squat/acatiris,2014-09-03T04:48:20Z,2,2,JavaScript,True,True,MIT License
zubairehman,zubairehman/Agora-Flutter-SDK,2021-07-03T15:21:22Z,0,0,,True,True,MIT License
burnash,burnash/airflow,2023-04-17T14:50:06Z,0,0,,True,False,Apache License 2.0
lisacharlotterost,lisacharlotterost/dayprojects,2016-04-19T00:36:12Z,14,14,R,True,True,MIT License
TimDaub,TimDaub/1way,2020-05-20T19:34:34Z,0,0,JavaScript,True,True,None
lgrammel,lgrammel/abracadabra,2021-06-19T17:49:58Z,1,1,TypeScript,True,False,MIT License
kkaefer,kkaefer/.vim,2011-09-05T18:54:06Z,1,1,VimL,True,True,None
axsaucedo,axsaucedo/0b8cc112-d0c3-4955-85f8-babd9baaf37e,2022-03-07T14:09:57Z,0,0,,True,True,None
Skn0tt,Skn0tt/adapters,2023-11-23T13:22:49Z,0,0,TypeScript,True,True,None
brauner,brauner/anbox,2017-08-17T14:57:15Z,0,0,C++,True,True,GNU General Public License v3.0
aap,aap/abc,2013-03-15T09:20:11Z,42,42,C,True,True,MIT License
Fcmam5,Fcmam5/100-days-of-code,2016-08-12T21:53:22Z,1,1,,True,True,None
acao,acao/1password-teams-open-source,2022-10-17T22:06:23Z,1,1,,True,False,None
juliuste,juliuste/airrohr-prediction,2017-08-21T19:13:31Z,1,1,JavaScript,True,True,MIT License
mrtazz,mrtazz/admiral,2010-01-23T20:17:02Z,4,4,Python,True,True,MIT License
weaveworks,weaveworks/alertdiff,2018-05-11T12:31:19Z,4,4,Haskell,True,False,Apache License 2.0
fehmicansaglam,fehmicansaglam/akka,2015-09-03T07:41:00Z,0,0,Scala,True,False,Other
cloudpanel-io,cloudpanel-io/applications,2020-05-19T11:57:36Z,1,1,,True,True,None
runningcode,runningcode/actions,2024-01-31T19:47:48Z,0,0,,True,True,MIT License
whoenig,whoenig/aws-sdk-cpp,2018-06-13T22:37:17Z,0,0,C++,True,True,Apache License 2.0
laramartin,laramartin/2019.devfest-berlin.de,2019-11-03T13:42:18Z,0,0,,True,True,Other
baptistebriel,baptistebriel/biggie,2015-03-20T10:30:51Z,67,67,JavaScript,True,False,MIT License
ashiishme,ashiishme/404,2021-12-22T13:28:14Z,0,0,,True,True,None
fortmarek,fortmarek/acho,2019-10-06T08:57:37Z,0,0,Swift,True,False,MIT License
MarkusH,MarkusH/1password-teams-open-source,2021-11-05T08:01:05Z,0,0,,True,True,None
jhass,jhass/7XX-rfc,2012-01-25T01:00:01Z,1,1,,True,True,None
imskr,imskr/A-to-Z-Resources-for-Students,2018-12-06T17:19:20Z,4,4,,True,True,MIT License
soundcloud,soundcloud/airflow,2018-03-27T11:34:38Z,5,5,Python,False,False,Apache License 2.0
RomelTorres,RomelTorres/alpha_vantage,2017-04-29T17:23:00Z,4267,4267,Python,True,True,MIT License
andela-sjames,andela-sjames/amity-room-allocation,2015-09-24T06:57:32Z,3,3,Python,True,True,GNU General Public License v2.0
chrisguttandin,chrisguttandin/analog4all-client,2015-07-13T16:49:21Z,2,2,TypeScript,True,False,GNU Affero General Public License v3.0
jamiehannaford,jamiehannaford/.dotfiles,2014-04-06T18:14:55Z,0,0,Shell,True,True,MIT License
laf0rge,laf0rge/asn1c,2022-07-06T20:29:38Z,2,2,,True,True,"BSD 2-Clause ""Simplified"" License"
Pisush,Pisush/aerospike-cachedb-go,2021-03-24T20:10:13Z,0,0,,True,True,None
ym,ym/91yuntest,2017-07-27T18:38:43Z,0,0,Shell,True,True,None
MichaelKreil,MichaelKreil/30c3-map,2013-12-27T15:37:33Z,9,9,,True,True,None
perusio,perusio/add-etc-hosts,2011-08-15T18:41:30Z,15,15,Shell,True,True,None
alexbeletsky,alexbeletsky/10k,2011-08-05T22:12:17Z,3,3,JavaScript,True,True,None
marcinguy,marcinguy/ADACLScanner,2024-10-11T14:57:53Z,1,1,,True,True,Microsoft Public License
martinklepsch,martinklepsch/.vim,2010-04-21T21:46:17Z,1,1,VimL,True,True,None
janeczku,janeczku/AA-Basic-Shortcode-Plugin-Boilerplate,2016-01-15T00:10:22Z,0,0,PHP,True,True,None
fractaledmind,fractaledmind/acidic_job,2021-06-20T04:46:55Z,476,476,Ruby,True,True,MIT License
manojpandey,manojpandey/2048,2014-03-22T12:13:23Z,0,0,CSS,True,True,MIT License
fineanmol,fineanmol/30-Days-of-Python,2018-10-06T18:54:29Z,1,1,HTML,True,True,MIT License
doctolib,doctolib/audio-a-law,2014-05-24T13:41:33Z,0,0,Ruby,False,False,None
gorgos,gorgos/AgoraMessenger,2016-01-21T17:51:34Z,0,0,Java,True,True,None
traumverloren,traumverloren/11ty-blog-starter,2023-01-08T11:06:22Z,0,0,Liquid,True,True,None
syllog1sm,syllog1sm/awsfabrictasks,2014-07-11T13:17:35Z,0,0,Python,True,True,Other
jackschaedler,jackschaedler/articles,2015-05-17T08:17:04Z,0,0,,True,True,None
dirkschumacher,dirkschumacher/actions-yarn,2021-01-19T11:33:56Z,0,0,,True,True,None
ngoduykhanh,ngoduykhanh/academicpages.github.io,2019-07-29T04:31:08Z,0,0,JavaScript,True,True,MIT License
sdepold,sdepold/404-repetitions,2020-08-12T18:26:57Z,0,0,JavaScript,True,True,MIT License
smurawski,smurawski/AKS,2024-03-11T16:59:59Z,0,0,,True,False,None
woachk,woachk/ACVM,2020-11-30T20:21:44Z,0,0,,True,True,GNU General Public License v2.0
Kardelio,Kardelio/advent-of-code-2021,2021-12-01T10:08:38Z,0,0,Kotlin,True,True,None
marimeireles,marimeireles/.github,2022-05-27T14:31:52Z,0,0,,True,True,None
pauladiniz,pauladiniz/100-days-of-code,2018-07-23T01:52:10Z,1,1,,True,True,None
coderobe,coderobe/0x20-Colors,2016-10-09T16:31:38Z,1,1,C++,True,True,None
CesarValiente,CesarValiente/activity-embedding-sample,2022-10-28T12:52:42Z,1,1,Kotlin,True,True,MIT License
abdulfatir,abdulfatir/abdulfatir.github.io,2014-07-11T06:47:40Z,0,0,HTML,True,True,MIT License
htbkoo,htbkoo/0Colaboratory,2018-11-21T11:42:45Z,2,2,Jupyter Notebook,True,True,None
carolstran,carolstran/05-exercise-jsx,2021-03-09T16:05:46Z,0,0,,True,True,None
jdennes,jdennes/ampedmusic,2010-10-16T06:56:38Z,1,1,Ruby,True,True,None
spicedacademy,spicedacademy/awesome-business-intelligence,2018-08-20T19:56:54Z,2,2,,True,True,MIT License
bluemix,bluemix/Alamofire,2017-01-21T06:06:33Z,0,0,Swift,True,False,MIT License
janlelis,janlelis/added,2015-03-15T15:44:50Z,5,5,Ruby,True,True,MIT License
andydandy74,andydandy74/ClockworkForDynamo,2013-12-09T10:11:01Z,220,220,Python,True,True,MIT License
zoepage,zoepage/ama,2016-03-04T11:30:11Z,2,2,,True,False,None
aqrln,aqrln/activegs-ios,2021-08-21T20:53:15Z,0,0,C++,True,True,None
JustinShenk,JustinShenk/activation_additions,2023-07-25T13:57:22Z,0,0,,True,False,MIT License
mwarning,mwarning/aodv-uu,2020-06-06T16:05:17Z,1,1,Tcl,True,True,GNU General Public License v2.0
gkmngrgn,gkmngrgn/config,2010-11-12T13:48:31Z,6,6,Lua,False,False,The Unlicense
tssovi,tssovi/angularCRUD,2017-05-30T17:09:41Z,0,0,JavaScript,True,True,None
brunagil,brunagil/alurakut,2021-07-12T11:19:48Z,0,0,JavaScript,True,True,None
IliaKani,IliaKani/blog-customizer,2024-06-12T11:31:25Z,14,14,TypeScript,True,True,None
mmourafiq,mmourafiq/adrenaline,2023-04-02T20:18:27Z,0,0,,True,True,GNU General Public License v3.0
nikku,nikku/.github,2020-11-26T19:48:47Z,1,1,,True,True,None
deanm,deanm/Cinder,2010-11-30T13:10:27Z,3,3,C,True,True,None
thejonanshow,thejonanshow/1337807,2014-01-07T16:20:53Z,0,0,HTML,True,True,None
cmaureir,cmaureir/adlershof_lunch,2018-01-23T07:57:28Z,0,0,Python,True,True,None
discordianfish,discordianfish/5pi_ghost_theme,2014-03-16T13:44:46Z,0,0,CSS,True,True,MIT License
seiflotfy,seiflotfy/accessibility-insights-web,2019-05-01T05:42:11Z,0,0,TypeScript,True,False,Other
yjs,yjs/.github,2020-05-18T20:56:35Z,0,0,,True,True,None
larsxschneider,larsxschneider/alcatraz-packages,2013-04-24T08:14:53Z,0,0,,True,True,None
mindreframer,mindreframer/30-days-of-react-native,2016-08-18T08:39:12Z,0,0,JavaScript,True,True,MIT License
zalandoresearch,zalandoresearch/ACIC23-competition,2023-03-01T10:40:13Z,32,32,,True,True,MIT License
yomete,yomete/advanced-react-router-usage,2017-10-16T13:10:36Z,51,51,CSS,True,True,None
johnjohndoe,johnjohndoe/2013.archive.codefor.de,2014-06-17T17:28:46Z,0,0,HTML,False,False,Other
felipecruz,felipecruz/cdats,2013-05-31T00:25:11Z,1,1,C,True,True,None
missinglink,missinglink/acrokat,2022-07-19T11:18:43Z,0,0,,True,True,None
Victoriapm,Victoriapm/analisis-datos-principiantes,2021-05-01T15:22:10Z,6,6,Jupyter Notebook,True,True,None
lourot,lourot/aepl-duino,2019-01-23T05:49:58Z,7,7,C++,True,True,The Unlicense
janober,janober/awesome-docsify,2019-10-04T21:41:57Z,1,1,,True,True,Other
yogiben,yogiben/100eyes,2021-11-29T15:06:29Z,0,0,HTML,True,True,None
fhueske,fhueske/beam,2020-03-17T20:46:33Z,0,0,,True,False,Apache License 2.0
nickstenning,nickstenning/annotator,2009-07-19T15:23:30Z,44,44,CoffeeScript,True,False,Other
anna-geller,anna-geller/ai-tools,2023-04-27T17:26:36Z,8,8,Python,True,True,MIT License
adriankumpf,adriankumpf/abacom-relay-board,2018-01-03T15:58:10Z,0,0,Rust,True,True,None
laurmaedje,laurmaedje/arm-hello,2018-02-04T17:25:53Z,0,0,Rust,True,True,MIT License
vasco-santos,vasco-santos/Airport-Rhapsody,2015-09-12T15:33:49Z,0,0,C,True,True,None
neobrain,neobrain/3dslink,2019-04-04T09:59:58Z,1,1,C,True,True,None
jfahrenkrug,jfahrenkrug/abv-calculator-action,2020-03-10T20:28:19Z,1,1,JavaScript,True,True,MIT License
kshitij10496,kshitij10496/aoc,2023-12-01T22:43:12Z,0,0,Clojure,True,True,MIT License
d3vilbug,d3vilbug/Brutal_SSH,2018-02-12T19:36:39Z,83,83,Python,True,True,MIT License
grobie,grobie/amqp,2012-10-10T23:04:02Z,0,0,Ruby,True,False,None
AlaaAttya,AlaaAttya/alaaattya.github.io,2014-08-08T23:38:27Z,0,0,CSS,True,True,MIT License
atilafassina,atilafassina/a11y-reporter,2018-03-23T09:05:06Z,2,2,JavaScript,True,True,None
streadway,streadway/amqp,2012-04-25T22:11:52Z,4865,4865,Go,True,True,"BSD 2-Clause ""Simplified"" License"
goetas,goetas/alice,2018-09-20T10:03:45Z,0,0,PHP,True,False,MIT License
davidfurlong,davidfurlong/2048frame,2024-09-03T09:57:25Z,0,0,PHP,True,True,MIT License
objectbox,objectbox/.github,2022-09-08T15:06:00Z,1,1,,True,True,None
rafaeljesus,rafaeljesus/1on1-questions,2020-02-19T13:44:07Z,0,0,,True,True,MIT License
objcio,objcio/advanced-swift,2016-03-21T11:08:05Z,23,23,,True,True,None
vitling,vitling/acid-banger,2021-04-20T08:47:56Z,1177,1177,TypeScript,True,False,None
Drakulix,Drakulix/37c3-container-workshop,2023-12-18T22:08:02Z,6,6,TypeScript,False,False,The Unlicense
hamoid,hamoid/awesome-creative-coding,2024-10-24T06:50:07Z,0,0,,True,True,None
anaschwendler,anaschwendler/anaschwendler,2020-07-12T11:17:45Z,0,0,,True,True,None
daniel-j-h,daniel-j-h/ActivityNet,2019-09-24T09:18:56Z,0,0,,True,True,MIT License
Nitrokey,Nitrokey/admin-app,2021-11-26T12:15:30Z,0,0,Rust,True,True,Apache License 2.0
sejalv,sejalv/CD4ML-Scenarios,2020-06-10T09:34:47Z,0,0,,True,True,MIT License
chrxh,chrxh/alien,2020-10-19T15:59:01Z,4894,4894,C++,True,True,"BSD 3-Clause ""New"" or ""Revised"" License"
al2na,al2na/23andme2vcf,2016-09-02T20:23:19Z,1,1,Perl,True,True,MIT License
mr-c,mr-c/2012-paper-diginorm,2013-07-13T06:07:26Z,0,0,Python,True,True,None
yogmel,yogmel/advanced-css-course,2018-06-25T18:01:50Z,0,0,CSS,True,True,None
DenisovAV,DenisovAV/ai_fireside_chat,2024-03-26T09:18:05Z,17,17,Dart,True,True,None
arianvp,arianvp/2016-CPD,2016-11-15T12:07:33Z,0,0,HTML,True,True,None
mishushakov,mishushakov/4pda-export,2020-04-28T14:09:00Z,0,0,JavaScript,False,False,MIT License
adrianheine,adrianheine/acorn-jsx,2018-02-07T15:47:19Z,0,0,JavaScript,True,True,MIT License
thyrlian,thyrlian/ACES,2017-07-06T06:20:11Z,2,2,HTML,True,True,MIT License
lorey,lorey/amas,2016-01-06T22:59:01Z,2,2,,True,False,None
unnamedd,unnamedd/30-seconds-of-swift-code,2018-11-23T22:35:38Z,0,0,Swift,True,True,None
septag,septag/10x,2021-09-30T13:25:50Z,0,0,Python,True,True,None
asaaki,asaaki/advent-of-code-2019,2019-12-02T16:18:42Z,2,2,Rust,False,False,MIT License
Fouloscopie,Fouloscopie/robotique,2021-04-15T19:39:07Z,39,39,MATLAB,True,True,None
marktani,marktani/52-technologies-in-2016,2016-12-25T10:58:24Z,1,1,JavaScript,True,True,MIT License
alanakbik,alanakbik/alanakbik,2023-03-22T23:33:54Z,0,0,,True,True,None
nomicode,nomicode/.github,2024-10-11T16:06:50Z,0,0,Makefile,False,False,The Unlicense
talitaoliveira,talitaoliveira/33DiasSemMachismo,2017-06-03T14:37:20Z,31,31,TypeScript,True,True,None
sacridini,sacridini/ann,2018-02-13T21:17:30Z,0,0,C++,True,True,None
Licenser,Licenser/.github,2020-06-30T12:10:04Z,0,0,,True,False,None
Khaledgarbaya,Khaledgarbaya/11ty-contentful-starter,2020-12-24T22:29:45Z,0,0,,True,False,MIT License
s1monw,s1monw/booleanparser,2015-06-03T09:23:32Z,0,0,Java,True,True,"BSD 2-Clause ""Simplified"" License"
angelikatyborska,angelikatyborska/a11y-audit-elixir,2023-10-30T17:12:26Z,47,47,Elixir,True,False,MIT License
bennycode,bennycode/.github,2021-09-10T14:52:33Z,0,0,,True,True,None
Kovah,Kovah/apollo-backend,2023-06-09T15:00:51Z,0,0,,True,True,None
mrflix,mrflix/Alignment-Guides,2012-07-19T19:23:06Z,108,108,,True,True,None
sorenbs,sorenbs/akka-http-cors,2017-03-19T16:24:30Z,1,1,Scala,True,False,Apache License 2.0
tsterbak,tsterbak/auto-sklearn,2016-01-26T21:12:22Z,0,0,Python,True,True,"BSD 3-Clause ""New"" or ""Revised"" License"
rixx,rixx/100.rixx.de,2021-12-15T14:08:12Z,0,0,HTML,True,True,None
reuben,reuben/Aaapptabs,2011-11-17T23:08:00Z,1,1,JavaScript,True,True,None
RosaWagner,RosaWagner/Borel,2023-02-09T09:16:21Z,128,128,,True,True,SIL Open Font License 1.1
rivo,rivo/duplo,2015-03-07T07:41:32Z,392,392,Go,True,True,MIT License
lucaong,lucaong/ablab,2015-12-20T23:36:46Z,7,7,Ruby,True,True,MIT License
dpreussler,dpreussler/android-async-http,2017-02-24T13:06:58Z,0,0,Java,True,True,None
fabsx00,fabsx00/bjoern-old,2014-11-17T11:20:33Z,13,13,C++,True,True,GNU General Public License v3.0
sotte,sotte/ai_class_python_intro,2014-10-22T19:18:04Z,0,0,Python,True,True,None
janmonschke,janmonschke/Angular-Book,2014-04-17T12:45:48Z,0,0,JavaScript,True,True,None
MKRLancer,MKRLancer/abhaypawar,2023-02-23T02:08:01Z,2,2,,True,True,None
candostdagdeviren,candostdagdeviren/awesome-ios,2016-11-15T18:41:23Z,0,0,Swift,True,False,MIT License
kenshinji,kenshinji/.dotfiles,2016-06-20T05:40:30Z,0,0,Lua,True,True,None
lstoll,lstoll/.atom,2014-02-28T20:27:54Z,3,3,CoffeeScript,True,True,None
spacecowb0y,spacecowb0y/active_admin,2012-07-08T16:54:10Z,0,0,Ruby,True,True,Other
denisdefreyne,denisdefreyne/512kb.club,2024-01-20T09:07:37Z,0,0,,True,True,MIT License
jmattheis,jmattheis/AntWars,2015-11-02T09:52:36Z,1,1,C#,True,True,None
cmichi,cmichi/android-wear-color-picker,2016-01-26T16:51:10Z,0,0,Java,True,True,None
Sly777,Sly777/after-dark,2017-03-03T19:16:28Z,1,1,HTML,True,True,MIT License
OskarStark,OskarStark/action-yaml-format,2022-11-04T08:51:57Z,0,0,,True,False,MIT License
esoxjem,esoxjem/Algorithms,2013-10-10T02:47:55Z,16,16,Kotlin,True,True,None
saschanaz,saschanaz/8sync,2023-02-28T16:03:25Z,0,0,Scheme,True,True,GNU Lesser General Public License v3.0
clovisdasilvaneto,clovisdasilvaneto/.github,2020-06-16T08:02:51Z,1,1,,True,True,None
montogeek,montogeek/2016-website,2016-12-01T13:55:28Z,0,0,HTML,True,True,None
Letty,Letty/amazon,2018-11-30T16:51:20Z,83,83,HTML,True,True,GNU General Public License v3.0
autophagy,autophagy/advent-of-code-2021,2021-12-02T10:54:15Z,0,0,Haskell,True,True,MIT License
marcobiedermann,marcobiedermann/actions,2023-01-23T14:45:12Z,1,1,,False,False,MIT License
efemoney,efemoney/adc-week3-bloom,2021-03-13T02:33:36Z,0,0,Kotlin,True,True,Apache License 2.0
niderhoff,niderhoff/bandcamp,2023-03-31T17:21:52Z,0,0,Python,True,True,None
marinho,marinho/2d-extras,2021-05-24T13:47:16Z,1,1,,True,True,Other
omergulen,omergulen/2019,2019-03-25T18:04:29Z,0,0,,True,True,None
kimar,kimar/Acdum,2013-02-23T10:34:17Z,0,0,Objective-C,True,True,None
progapandist,progapandist/anycable_rails_demo,2020-07-13T13:22:07Z,12,12,Ruby,True,False,MIT License
aarlt,aarlt/autobahn-cpp,2022-02-06T03:02:09Z,0,0,C++,True,True,Boost Software License 1.0
devonestes,devonestes/absinthe,2020-01-22T07:47:36Z,0,0,,True,True,Other
manuelbieh,manuelbieh/amazon-helpers,2015-09-14T23:41:42Z,9,9,JavaScript,True,True,None
irh,irh/adjacent_for_each,2013-02-10T11:32:01Z,0,0,C++,True,True,None
hartwork,hartwork/aiohappyeyeballs-fork,2024-07-31T20:57:42Z,0,0,,True,False,Other
s-soroosh,s-soroosh/12factor,2017-08-29T14:34:12Z,0,0,CSS,True,False,MIT License
lukasoppermann,lukasoppermann/archive,2017-06-08T06:58:11Z,0,0,PHP,True,True,None
joseliacosta,joseliacosta/2016,2016-06-27T14:57:16Z,1,1,HTML,True,True,MIT License
Rebaiahmed,Rebaiahmed/30-days-of-react-native,2017-05-10T17:37:02Z,0,0,JavaScript,True,True,None
polarity,polarity/5Apps-Feedback-Tool,2012-04-02T16:45:24Z,0,0,JavaScript,True,True,None
szaimen,szaimen/aio-borgbackup-viewer,2024-06-27T13:52:23Z,0,0,Dockerfile,True,True,GNU Affero General Public License v3.0
fmeyer,fmeyer/.spacemacs,2016-01-10T23:10:19Z,0,0,Emacs Lisp,True,True,None
hanakamer,hanakamer/ab-kurs-kayit,2016-08-21T16:41:20Z,0,0,JavaScript,True,True,GNU General Public License v2.0
Kriesse,Kriesse/2015.jsconf.eu,2015-01-26T18:05:26Z,0,0,CSS,True,True,None
geekdada,geekdada/1password-teams-open-source,2023-01-19T14:21:41Z,2,2,,True,False,None
mlegy,mlegy/Akka-Notes-in-JAVA,2015-08-31T16:10:35Z,0,0,Java,True,True,Other
mirshko,mirshko/49friends.party,2020-03-16T23:53:34Z,1,1,HTML,False,False,None
Dylan-DPC-zz,Dylan-DPC-zz/acl,2017-12-30T13:08:26Z,0,0,PHP,True,True,MIT License
linki,linki/0x-go,2018-03-04T17:11:03Z,9,9,Go,True,True,MIT License
danielpaulus,danielpaulus/agent_test,2024-10-12T14:43:12Z,0,0,TypeScript,True,True,None
keremciu,keremciu/99-problems-graphql-aint-one,2019-11-13T17:28:19Z,0,0,,True,True,None
aep,aep/aep.github.io,2015-05-17T22:05:21Z,0,0,HTML,True,True,None
stanislaw,stanislaw/AFNetworkingLogger,2013-09-25T23:42:55Z,25,25,Objective-C,True,True,MIT License
msoos,msoos/3dVis,2019-02-16T22:37:03Z,3,3,C++,True,True,"BSD 3-Clause ""New"" or ""Revised"" License"
BenchR267,BenchR267/benchr267.github.io,2020-05-13T08:32:25Z,1,1,HTML,True,True,None
chrippa,chrippa/aioxmmsclient,2014-04-19T15:42:41Z,0,0,Python,True,True,MIT License
Goldziher,Goldziher/axios-simple-cache-adapter,2021-11-02T21:16:30Z,11,11,TypeScript,True,True,MIT License
bashofmann,bashofmann/admin-ui,2021-08-12T16:00:34Z,0,0,,True,False,None
phazonoverload,phazonoverload/2018.goldsmiths.tech,2021-12-02T10:06:43Z,0,0,CSS,True,True,None
moiseshorta,moiseshorta/ADD-audio-dataset-downloader,2023-04-24T15:23:54Z,28,28,Python,True,True,GNU General Public License v3.0
Mark2Mark,Mark2Mark/alfred-volume-control,2024-01-31T16:04:45Z,0,0,Python,True,True,Apache License 2.0
jenskutilek,jenskutilek/AnchorOverlayTool,2013-11-27T11:49:50Z,4,4,Python,True,False,None
v-thakkar,v-thakkar/async-profiler,2023-01-04T10:55:23Z,0,0,C++,True,True,Apache License 2.0
343max,343max/27c3-Planer,2010-12-25T17:37:59Z,3,3,JavaScript,True,True,None
LukasReschke,LukasReschke/airship,2016-07-13T21:35:30Z,0,0,PHP,True,False,Other
joaomilho,joaomilho/apalachin,2013-10-26T22:42:30Z,38,38,Erlang,True,True,None
akrennmair,akrennmair/activitylog,2012-09-12T21:25:41Z,1,1,JavaScript,True,True,None
kirel,kirel/angular-nvd3,2015-03-11T16:46:16Z,0,0,JavaScript,True,True,MIT License
mschneider,mschneider/ae,2022-03-20T09:55:49Z,4,4,TypeScript,True,True,None
oleiade,oleiade/advent-of-code,2022-12-01T17:51:07Z,0,0,Rust,True,True,MIT License
robinpokorny,robinpokorny/1-liners,2016-04-11T12:09:30Z,0,0,JavaScript,True,True,MIT License
AbdullahBakir97,AbdullahBakir97/2050-Bootstrap-Landing-page,2023-05-15T19:14:17Z,12,12,HTML,True,True,None
PavelLaptev,PavelLaptev/AR.js,2017-11-06T18:40:10Z,0,0,JavaScript,True,True,MIT License
froschi,froschi/barnyard2,2012-10-25T09:11:08Z,0,0,C,True,True,GNU General Public License v2.0
tmylk,tmylk/ai-comedy-club,2023-06-26T16:49:55Z,0,0,,True,True,None
EmaSuriano,EmaSuriano/100-days-of-code,2018-02-18T21:58:42Z,0,0,,True,True,None
philippkuehn,philippkuehn/collect.js,2019-08-07T08:49:09Z,1,1,JavaScript,True,True,MIT License
LeonardoCardoso,LeonardoCardoso/Android-Audio-Preview,2014-05-24T23:05:56Z,2,2,Java,False,False,Apache License 2.0
JeroenDeDauw,JeroenDeDauw/a4g,2011-05-08T14:34:39Z,1,1,JavaScript,True,True,Other
zeenix,zeenix/accesskit,2024-06-18T22:42:16Z,0,0,,True,True,"BSD 3-Clause ""New"" or ""Revised"" License"
Musti4096,Musti4096/akmustafa.github.io,2020-10-15T11:12:18Z,0,0,CSS,True,True,None
finnp,finnp/a11y-talk,2015-04-16T16:05:15Z,0,0,,True,True,None
vecna,vecna/apmislay,2012-04-12T12:18:03Z,22,22,C,True,True,None
alfredfrancis,alfredfrancis/ai-chatbot-framework,2016-12-16T19:10:56Z,1969,1969,Python,True,True,MIT License
MichaelKohler,MichaelKohler/action-add-issue-to-project-column,2022-04-28T17:13:08Z,0,0,,True,True,None
helmuthdu,helmuthdu/100-days-flutter,2019-05-31T17:50:05Z,2,2,Dart,True,True,MIT License
polykit,polykit/3d-printed-microphone,2024-02-16T15:53:55Z,1,1,OpenSCAD,True,True,None
harshil1712,harshil1712/.NET-console-apps,2019-01-23T18:32:20Z,0,0,C#,True,True,None
0mp,0mp/0mp-overlay,2020-01-28T14:02:55Z,0,0,Makefile,True,True,None
illume,illume/3d-game-shaders-for-beginners,2021-04-25T10:09:10Z,1,1,,True,False,"BSD 3-Clause ""New"" or ""Revised"" License"
robinboehm,robinboehm/2018.jsconf.eu,2018-12-14T19:47:40Z,0,0,HTML,True,True,None
katiayn,katiayn/100-days-of-code,2017-01-04T00:46:39Z,0,0,,True,True,None
kurasu,kurasu/customlauncher,2023-06-09T13:25:08Z,0,0,Kotlin,True,False,None
tunavargi,tunavargi/arguman.org,2015-10-11T11:51:22Z,0,0,Python,True,True,MIT License
miconda,miconda/atom-extensions,2015-11-25T20:02:48Z,10,10,,True,True,GNU General Public License v2.0
mohsenoid,mohsenoid/ABCs,2023-05-01T18:46:19Z,0,0,Kotlin,True,True,Apache License 2.0
tmspzz,tmspzz/adventofcode,2019-12-01T14:05:59Z,1,1,Haskell,True,True,MIT License
mrchrisadams,mrchrisadams/12factor,2013-02-18T20:40:33Z,0,0,Ruby,True,True,MIT License
rockstaedt,rockstaedt/commit-message-check,2022-12-15T16:28:19Z,7,7,Go,False,False,MIT License
tanvir002700,tanvir002700/Algorithm,2015-03-27T08:12:46Z,4,4,C++,True,True,None
cristianoliveira,cristianoliveira/api-boilerplate,2017-02-19T14:43:09Z,1,1,Go,True,True,None
HeyPouya,HeyPouya/AndroidAdvancedFarvardin98,2019-04-17T15:51:28Z,1,1,Java,True,True,None
mymindishazel,mymindishazel/awesome-age,2023-07-02T20:53:53Z,0,0,,True,False,None
codeliner,codeliner/aggregate-state,2015-09-14T19:40:07Z,2,2,PHP,True,True,"BSD 3-Clause ""New"" or ""Revised"" License"
rishimohan,rishimohan/Awesome-Black-Friday-Cyber-Monday,2022-11-23T12:01:10Z,0,0,,True,True,None
myobie,myobie/30days30snapshots,2014-11-19T15:29:50Z,0,0,Clojure,True,True,None
chris-rock,chris-rock/acme-inspec-profile,2016-10-05T18:37:05Z,3,3,Ruby,True,True,Apache License 2.0
khanzadimahdi,khanzadimahdi/acme-key-rollover,2024-08-23T21:21:20Z,0,0,Go,True,True,None
sunsided,sunsided/accelerometer.rs,2024-06-30T09:10:23Z,0,0,,True,True,Apache License 2.0
fabianfett,fabianfett/amazonlinux-swift,2019-12-12T19:53:46Z,26,26,Dockerfile,False,False,None
MedRedha,MedRedha/30-Days-Of-JavaScript,2022-03-12T22:41:08Z,2,2,,True,True,None
durannumit,durannumit/AnadoluGundem,2017-01-24T23:35:50Z,0,0,JavaScript,True,True,None
divyenduz,divyenduz/backup-scheduler,2022-12-30T19:13:13Z,17,17,JavaScript,True,True,None
cornelius,cornelius/20-years-of-KDE,2016-07-26T20:13:01Z,0,0,TeX,True,True,None
anna-carroll,anna-carroll/3074,2023-11-26T20:54:33Z,29,29,Solidity,True,False,None
pierluigiferrari,pierluigiferrari/behavioral_cloning_for_vehicle_steering,2017-02-13T15:17:27Z,7,7,Python,True,True,None
Fluepke,Fluepke/ansible-module-powerdns,2019-04-28T17:34:58Z,1,1,Python,True,True,Apache License 2.0
adewes,adewes/32c3,2015-12-30T11:45:27Z,1,1,Jupyter Notebook,True,True,None
Schaeff,Schaeff/AdventOfRust2020,2020-12-03T16:58:18Z,0,0,Rust,True,True,None
luqmanoop,luqmanoop/1loc,2021-11-27T08:19:37Z,1,1,,True,True,MIT License
BenjaminBossan,BenjaminBossan/accelerate,2022-03-09T22:28:16Z,1,1,Python,True,True,Apache License 2.0
amn41,amn41/bash_plus_kernel,2019-03-27T16:52:29Z,0,0,Python,True,True,"BSD 3-Clause ""New"" or ""Revised"" License"
adzialocha,adzialocha/8bit,2016-07-08T13:35:57Z,50,50,Assembly,False,False,None
natalyapeixoto,natalyapeixoto/aprendendo-git-e-github,2019-03-08T19:45:31Z,1,1,HTML,True,True,None
znarf,znarf/adjust-sourcemap-loader,2020-04-13T14:00:36Z,0,0,,True,False,None
mikiobraun,mikiobraun/awesome-leading-and-managing,2019-02-20T13:27:08Z,0,0,,True,True,None
ogoffart,ogoffart/cargo,2023-09-29T09:05:44Z,0,0,,True,True,Apache License 2.0
vadorovsky,vadorovsky/abseil-cpp,2018-10-19T13:55:08Z,0,0,C++,True,False,Apache License 2.0
chootka,chootka/90.1_HouseFM,2017-12-28T08:24:07Z,1,1,C,True,True,None
mzaks,mzaks/AbehtPlayground,2018-05-28T09:23:10Z,1,1,Swift,True,True,None
knutin,knutin/arrow-slice-bug,2021-06-02T08:19:27Z,0,0,Rust,True,True,None
batin,batin/Abn-Barcode-App,2020-01-02T22:31:30Z,2,2,JavaScript,True,True,None
reactormonk,reactormonk/aeson-qq,2020-03-30T13:44:41Z,0,0,,True,True,MIT License
nulltea,nulltea/2P-PSI,2024-10-05T10:40:02Z,0,0,,True,True,MIT License
Shpota,Shpota/abcdator,2020-07-30T16:31:02Z,0,0,Kotlin,True,True,Apache License 2.0
holgerd77,holgerd77/aleth,2018-11-06T13:39:19Z,0,0,C++,True,True,GNU General Public License v3.0
Dineshkarthik,Dineshkarthik/amazon-kinesis-client-ruby,2016-03-24T06:31:03Z,0,0,Ruby,True,False,Other
zutrinken,zutrinken/attila,2015-02-27T23:38:24Z,1432,1432,JavaScript,True,True,MIT License
mustafaozhan,mustafaozhan/AlbumTrackList,2019-06-21T20:08:28Z,1,1,Swift,True,True,None
nmicht,nmicht/30-days-javascript,2024-01-20T19:04:41Z,0,0,JavaScript,True,True,None
carlosmn,carlosmn/aoc2017,2017-12-04T19:39:26Z,0,0,Rust,True,True,None
roquebuarquejr,roquebuarquejr/ArtistList,2024-06-21T14:21:54Z,0,0,Kotlin,True,True,None
dmstern,dmstern/age-calculator,2020-07-04T21:06:00Z,1,1,JavaScript,True,True,None
Robbepop,Robbepop/a-tale-of-binary-translation,2023-03-11T10:26:48Z,0,0,,True,True,Apache License 2.0
soulshake,soulshake/aiguillage,2016-04-11T15:44:02Z,0,0,Nginx,True,True,None
